[    2677ms] [ERROR] Unsafe attempt to load URL https://assets-green.smiler.com.br//o/smiles-liferay7-theme/images/clay/icons.svg from frame with URL https://www.smiles.com.br/home. Domains, protocols and ports must match.
 @ https://www.smiles.com.br/home:14306
[    2677ms] [ERROR] Unsafe attempt to load URL https://assets-green.smiler.com.br//o/smiles-liferay7-theme/images/clay/icons.svg from frame with URL https://www.smiles.com.br/home. Domains, protocols and ports must match.
 @ https://www.smiles.com.br/home:14306
[    3239ms] [WARNING] [Endpoints] Endpoint ApiGwBr is registered 2 times @ :3
[    3239ms] [WARNING] [Endpoints] Endpoint ApiOAG is registered 2 times @ :3
[    3246ms] [WARNING] [Endpoints] Endpoint ApiGwBr is registered 2 times @ :3
[    3247ms] [WARNING] [Endpoints] Endpoint ApiOAG is registered 2 times @ :3
[    3247ms] [WARNING] [Endpoints] Endpoint ApiAirports is registered 2 times @ :3
[    3248ms] [WARNING] [Endpoints] Endpoint ApiGwBr is registered 2 times @ :3
[    3249ms] [WARNING] [Endpoints] Endpoint ApiOAG is registered 2 times @ :3
[    3249ms] [WARNING] [Endpoints] Endpoint ApiAirports is registered 2 times @ :3
[    3390ms] [WARNING] [Endpoints] Endpoint ApiGwBr is registered 2 times @ :3
[    3390ms] [WARNING] [Endpoints] Endpoint ApiOAG is registered 2 times @ :3
[    3390ms] [WARNING] [Endpoints] Endpoint ApiAirports is registered 3 times @ :3
[    3390ms] [WARNING] [Endpoints] Endpoint ApiRecsysEngine is registered 2 times @ :3
[    3390ms] [WARNING] [Endpoints] Endpoint ApiProductConfig is registered 2 times @ :3
[    3390ms] [WARNING] [Endpoints] Endpoint ApiProductConfigOther is registered 2 times @ :3
[    3390ms] [WARNING] [Endpoints] Endpoint ApiRecsysEngineOther is registered 2 times @ :3
[    3390ms] [WARNING] [Endpoints] Endpoint ApiNotificationsAppSync is registered 2 times @ :3
[    3402ms] [WARNING] [Endpoints] Endpoint ApiGwBr is registered 2 times @ :3
[    3402ms] [WARNING] [Endpoints] Endpoint ApiOAG is registered 3 times @ :3
[    3402ms] [WARNING] [Endpoints] Endpoint ApiAccount is registered 2 times @ :3
[    3402ms] [WARNING] [Endpoints] Endpoint ApiAirports is registered 4 times @ :3
[    3402ms] [WARNING] [Endpoints] Endpoint ApiRecsysEngine is registered 2 times @ :3
[    3402ms] [WARNING] [Endpoints] Endpoint ApiProductConfig is registered 2 times @ :3
[    3402ms] [WARNING] [Endpoints] Endpoint ApiProductConfigOther is registered 2 times @ :3
[    3402ms] [WARNING] [Endpoints] Endpoint ApiRecsysEngineOther is registered 2 times @ :3
[    3402ms] [WARNING] [Endpoints] Endpoint ApiNotificationsAppSync is registered 2 times @ :3
[    3440ms] [ERROR] TypeError: (intermediate value)(intermediate value)(intermediate value) is not iterable
    at eval (eval at <anonymous> (https://assets-green.smiler.com.br//combo?browserId=chrome&minifierType=js&themeId=smilesliferay7theme_WAR_smilesliferay7theme&languageId=pt_BR&smilesliferayreactappsportlet_WAR_smilesliferayreactappsportlet_INSTANCE_Chatbot:%2Fo%2Fsmiles-liferay-react-apps-portlet%2Fjs%2Freact-16.14.0.min.js&smilesliferayreactappsportlet_WAR_smilesliferayreactappsportlet_INSTANCE_Chatbot:%2Fo%2Fsmiles-liferay-react-apps-portlet%2Fjs%2Freact-dom-16.14.0.min.js&smilesliferayreactappsportlet_WAR_smilesliferayreactappsportlet_INSTANCE_Chatbot:%2Fo%2Fsmiles-liferay-react-apps-portlet%2Fjs%2FremoteComponent.js&t=1771930038000:273:72217), <anonymous>:4:549513)
    at Generator.next (<anonymous>)
    at a (eval at <anonymous> (https://assets-green.smiler.com.br//combo?browserId=chrome&minifierType=js&themeId=smilesliferay7theme_WAR_smilesliferay7theme&languageId=pt_BR&smilesliferayreactappsportlet_WAR_smilesliferayreactappsportlet_INSTANCE_Chatbot:%2Fo%2Fsmiles-liferay-react-apps-portlet%2Fjs%2Freact-16.14.0.min.js&smilesliferayreactappsportlet_WAR_smilesliferayreactappsportlet_INSTANCE_Chatbot:%2Fo%2Fsmiles-liferay-react-apps-portlet%2Fjs%2Freact-dom-16.14.0.min.js&smilesliferayreactappsportlet_WAR_smilesliferayreactappsportlet_INSTANCE_Chatbot:%2Fo%2Fsmiles-liferay-react-apps-portlet%2Fjs%2FremoteComponent.js&t=1771930038000:273:72217), <anonymous>:4:545404)
    at s (eval at <anonymous> (https://assets-green.smiler.com.br//combo?browserId=chrome&minifierType=js&themeId=smilesliferay7theme_WAR_smilesliferay7theme&languageId=pt_BR&smilesliferayreactappsportlet_WAR_smilesliferayreactappsportlet_INSTANCE_Chatbot:%2Fo%2Fsmiles-liferay-react-apps-portlet%2Fjs%2Freact-16.14.0.min.js&smilesliferayreactappsportlet_WAR_smilesliferayreactappsportlet_INSTANCE_Chatbot:%2Fo%2Fsmiles-liferay-react-apps-portlet%2Fjs%2Freact-dom-16.14.0.min.js&smilesliferayreactappsportlet_WAR_smilesliferayreactappsportlet_INSTANCE_Chatbot:%2Fo%2Fsmiles-liferay-react-apps-portlet%2Fjs%2FremoteComponent.js&t=1771930038000:273:72217), <anonymous>:4:545607) @ https://www.datadoghq-browser-agent.com/us1/v6/datadog-rum.js:0
[    3753ms] Uncaught (in promise) TypeError: Cannot read properties of undefined (reading 'length')
    at eval (:3:599924)
    at a (:3:545403)
    at s (:3:545606)
[    3949ms] [WARNING] [Endpoints] Endpoint ApiGwBr is registered 2 times @ :3
[    3949ms] [WARNING] [Endpoints] Endpoint ApiOAG is registered 4 times @ :3
[    3949ms] [WARNING] [Endpoints] Endpoint ApiAccount is registered 3 times @ :3
[    3949ms] [WARNING] [Endpoints] Endpoint ApiAirports is registered 5 times @ :3
[    3949ms] [WARNING] [Endpoints] Endpoint ApiRecsysEngine is registered 2 times @ :3
[    3949ms] [WARNING] [Endpoints] Endpoint ApiProductConfig is registered 2 times @ :3
[    3949ms] [WARNING] [Endpoints] Endpoint ApiProductConfigOther is registered 2 times @ :3
[    3949ms] [WARNING] [Endpoints] Endpoint ApiRecsysEngineOther is registered 2 times @ :3
[    3949ms] [WARNING] [Endpoints] Endpoint ApiNotificationsAppSync is registered 2 times @ :3
[    3949ms] [WARNING] [Endpoints] Endpoint ApiPartner is registered 2 times @ :3
[    3949ms] [WARNING] [Endpoints] Endpoint ApiCms is registered 2 times @ :3
[    3985ms] [WARNING] [Endpoints] Endpoint ApiGwBr is registered 2 times @ :3
[    3985ms] [WARNING] [Endpoints] Endpoint ApiOAG is registered 5 times @ :3
[    3985ms] [WARNING] [Endpoints] Endpoint ApiAccount is registered 3 times @ :3
[    3986ms] [WARNING] [Endpoints] Endpoint ApiAirports is registered 6 times @ :3
[    3986ms] [WARNING] [Endpoints] Endpoint ApiBoardingTax is registered 2 times @ :3
[    3986ms] [WARNING] [Endpoints] Endpoint ApiRecsysEngine is registered 2 times @ :3
[    3986ms] [WARNING] [Endpoints] Endpoint ApiProductConfig is registered 2 times @ :3
[    3986ms] [WARNING] [Endpoints] Endpoint ApiProductConfigOther is registered 2 times @ :3
[    3986ms] [WARNING] [Endpoints] Endpoint ApiRecsysEngineOther is registered 2 times @ :3
[    3986ms] [WARNING] [Endpoints] Endpoint ApiNotificationsAppSync is registered 2 times @ :3
[    3986ms] [WARNING] [Endpoints] Endpoint ApiPartner is registered 2 times @ :3
[    3986ms] [WARNING] [Endpoints] Endpoint ApiCms is registered 2 times @ :3
[    4006ms] [WARNING] [Endpoints] Endpoint ApiGwBr is registered 2 times @ :3
[    4006ms] [WARNING] [Endpoints] Endpoint ApiOAG is registered 5 times @ :3
[    4006ms] [WARNING] [Endpoints] Endpoint ApiAccount is registered 4 times @ :3
[    4006ms] [WARNING] [Endpoints] Endpoint ApiClubPlan is registered 2 times @ :3
[    4006ms] [WARNING] [Endpoints] Endpoint ApiAirports is registered 7 times @ :3
[    4006ms] [WARNING] [Endpoints] Endpoint ApiBoardingTax is registered 3 times @ :3
[    4006ms] [WARNING] [Endpoints] Endpoint ApiGraphQL is registered 2 times @ :3
[    4006ms] [WARNING] [Endpoints] Endpoint ApiTier is registered 2 times @ :3
[    4006ms] [WARNING] [Endpoints] Endpoint ApiRecsysEngine is registered 2 times @ :3
[    4006ms] [WARNING] [Endpoints] Endpoint ApiProductConfig is registered 2 times @ :3
[    4006ms] [WARNING] [Endpoints] Endpoint ApiProductConfigOther is registered 2 times @ :3
[    4006ms] [WARNING] [Endpoints] Endpoint ApiRecsysEngineOther is registered 2 times @ :3
[    4006ms] [WARNING] [Endpoints] Endpoint ApiNotificationsAppSync is registered 2 times @ :3
[    4006ms] [WARNING] [Endpoints] Endpoint ApiPartner is registered 2 times @ :3
[    4006ms] [WARNING] [Endpoints] Endpoint ApiCms is registered 2 times @ :3
[    4247ms] [ERROR] Failed to load resource: the server responded with a status of 452 () @ https://airports-green.smiles.com.br/v1/airports?size=50:0
[    4288ms] [ERROR] Failed to load resource: the server responded with a status of 452 () @ https://recsys-engine-prd.smiles.com.br/v2/recommendation/priority?place=home_3&channel=web&request_id=b828f2fd-2712-4642-8bf1-64b2029a150d:0
[    4289ms] [ERROR] Error: Request failed with status code 452
    at A.exports (eval at <anonymous> (https://assets-green.smiler.com.br//combo?browserId=chrome&minifierType=js&themeId=smilesliferay7theme_WAR_smilesliferay7theme&languageId=pt_BR&smilesliferayreactappsportlet_WAR_smilesliferayreactappsportlet_INSTANCE_Chatbot:%2Fo%2Fsmiles-liferay-react-apps-portlet%2Fjs%2Freact-16.14.0.min.js&smilesliferayreactappsportlet_WAR_smilesliferayreactappsportlet_INSTANCE_Chatbot:%2Fo%2Fsmiles-liferay-react-apps-portlet%2Fjs%2Freact-dom-16.14.0.min.js&smilesliferayreactappsportlet_WAR_smilesliferayreactappsportlet_INSTANCE_Chatbot:%2Fo%2Fsmiles-liferay-react-apps-portlet%2Fjs%2FremoteComponent.js&t=1771930038000:273:72217), <anonymous>:5:2039692)
    at A.exports (eval at <anonymous> (https://assets-green.smiler.com.br//combo?browserId=chrome&minifierType=js&themeId=smilesliferay7theme_WAR_smilesliferay7theme&languageId=pt_BR&smilesliferayreactappsportlet_WAR_smilesliferayreactappsportlet_INSTANCE_Chatbot:%2Fo%2Fsmiles-liferay-react-apps-portlet%2Fjs%2Freact-16.14.0.min.js&smilesliferayreactappsportlet_WAR_smilesliferayreactappsportlet_INSTANCE_Chatbot:%2Fo%2Fsmiles-liferay-react-apps-portlet%2Fjs%2Freact-dom-16.14.0.min.js&smilesliferayreactappsportlet_WAR_smilesliferayreactappsportlet_INSTANCE_Chatbot:%2Fo%2Fsmiles-liferay-react-apps-portlet%2Fjs%2FremoteComponent.js&t=1771930038000:273:72217), <anonymous>:5:1894366)
    at XMLHttpRequest.F (eval at <anonymous> (https://assets-green.smiler.com.br//combo?browserId=chrome&minifierType=js&themeId=smilesliferay7theme_WAR_smilesliferay7theme&languageId=pt_BR&smilesliferayreactappsportlet_WAR_smilesliferayreactappsportlet_INSTANCE_Chatbot:%2Fo%2Fsmiles-liferay-react-apps-portlet%2Fjs%2Freact-16.14.0.min.js&smilesliferayreactappsportlet_WAR_smilesliferayreactappsportlet_INSTANCE_Chatbot:%2Fo%2Fsmiles-liferay-react-apps-portlet%2Fjs%2Freact-dom-16.14.0.min.js&smilesliferayreactappsportlet_WAR_smilesliferayreactappsportlet_INSTANCE_Chatbot:%2Fo%2Fsmiles-liferay-react-apps-portlet%2Fjs%2FremoteComponent.js&t=1771930038000:273:72217), <anonymous>:5:1421033) @ https://www.datadoghq-browser-agent.com/us1/v6/datadog-rum.js:0
[    4459ms] [ERROR] Failed to load resource: the server responded with a status of 452 () @ https://recsys-engine-prd.smiles.com.br/v2/recommendation/priority?place=home_4&channel=web&request_id=06033d93-e5ca-4267-a22b-4a91e4b55eb9:0
[    4459ms] [ERROR] Error: Request failed with status code 452
    at A.exports (eval at <anonymous> (https://assets-green.smiler.com.br//combo?browserId=chrome&minifierType=js&themeId=smilesliferay7theme_WAR_smilesliferay7theme&languageId=pt_BR&smilesliferayreactappsportlet_WAR_smilesliferayreactappsportlet_INSTANCE_Chatbot:%2Fo%2Fsmiles-liferay-react-apps-portlet%2Fjs%2Freact-16.14.0.min.js&smilesliferayreactappsportlet_WAR_smilesliferayreactappsportlet_INSTANCE_Chatbot:%2Fo%2Fsmiles-liferay-react-apps-portlet%2Fjs%2Freact-dom-16.14.0.min.js&smilesliferayreactappsportlet_WAR_smilesliferayreactappsportlet_INSTANCE_Chatbot:%2Fo%2Fsmiles-liferay-react-apps-portlet%2Fjs%2FremoteComponent.js&t=1771930038000:273:72217), <anonymous>:5:2039692)
    at A.exports (eval at <anonymous> (https://assets-green.smiler.com.br//combo?browserId=chrome&minifierType=js&themeId=smilesliferay7theme_WAR_smilesliferay7theme&languageId=pt_BR&smilesliferayreactappsportlet_WAR_smilesliferayreactappsportlet_INSTANCE_Chatbot:%2Fo%2Fsmiles-liferay-react-apps-portlet%2Fjs%2Freact-16.14.0.min.js&smilesliferayreactappsportlet_WAR_smilesliferayreactappsportlet_INSTANCE_Chatbot:%2Fo%2Fsmiles-liferay-react-apps-portlet%2Fjs%2Freact-dom-16.14.0.min.js&smilesliferayreactappsportlet_WAR_smilesliferayreactappsportlet_INSTANCE_Chatbot:%2Fo%2Fsmiles-liferay-react-apps-portlet%2Fjs%2FremoteComponent.js&t=1771930038000:273:72217), <anonymous>:5:1894366)
    at XMLHttpRequest.F (eval at <anonymous> (https://assets-green.smiler.com.br//combo?browserId=chrome&minifierType=js&themeId=smilesliferay7theme_WAR_smilesliferay7theme&languageId=pt_BR&smilesliferayreactappsportlet_WAR_smilesliferayreactappsportlet_INSTANCE_Chatbot:%2Fo%2Fsmiles-liferay-react-apps-portlet%2Fjs%2Freact-16.14.0.min.js&smilesliferayreactappsportlet_WAR_smilesliferayreactappsportlet_INSTANCE_Chatbot:%2Fo%2Fsmiles-liferay-react-apps-portlet%2Fjs%2Freact-dom-16.14.0.min.js&smilesliferayreactappsportlet_WAR_smilesliferayreactappsportlet_INSTANCE_Chatbot:%2Fo%2Fsmiles-liferay-react-apps-portlet%2Fjs%2FremoteComponent.js&t=1771930038000:273:72217), <anonymous>:5:1421033) @ https://www.datadoghq-browser-agent.com/us1/v6/datadog-rum.js:0
[    4616ms] [ERROR] Failed to load resource: the server responded with a status of 452 () @ https://recsys-engine-prd.smiles.com.br/v2/recommendation/priority?place=home_0&channel=web&request_id=ddea404b-5da8-4fe1-ba93-98995de38437:0
[    4617ms] [ERROR] Error: Request failed with status code 452
    at A.exports (eval at <anonymous> (https://assets-green.smiler.com.br//combo?browserId=chrome&minifierType=js&themeId=smilesliferay7theme_WAR_smilesliferay7theme&languageId=pt_BR&smilesliferayreactappsportlet_WAR_smilesliferayreactappsportlet_INSTANCE_Chatbot:%2Fo%2Fsmiles-liferay-react-apps-portlet%2Fjs%2Freact-16.14.0.min.js&smilesliferayreactappsportlet_WAR_smilesliferayreactappsportlet_INSTANCE_Chatbot:%2Fo%2Fsmiles-liferay-react-apps-portlet%2Fjs%2Freact-dom-16.14.0.min.js&smilesliferayreactappsportlet_WAR_smilesliferayreactappsportlet_INSTANCE_Chatbot:%2Fo%2Fsmiles-liferay-react-apps-portlet%2Fjs%2FremoteComponent.js&t=1771930038000:273:72217), <anonymous>:5:2039692)
    at A.exports (eval at <anonymous> (https://assets-green.smiler.com.br//combo?browserId=chrome&minifierType=js&themeId=smilesliferay7theme_WAR_smilesliferay7theme&languageId=pt_BR&smilesliferayreactappsportlet_WAR_smilesliferayreactappsportlet_INSTANCE_Chatbot:%2Fo%2Fsmiles-liferay-react-apps-portlet%2Fjs%2Freact-16.14.0.min.js&smilesliferayreactappsportlet_WAR_smilesliferayreactappsportlet_INSTANCE_Chatbot:%2Fo%2Fsmiles-liferay-react-apps-portlet%2Fjs%2Freact-dom-16.14.0.min.js&smilesliferayreactappsportlet_WAR_smilesliferayreactappsportlet_INSTANCE_Chatbot:%2Fo%2Fsmiles-liferay-react-apps-portlet%2Fjs%2FremoteComponent.js&t=1771930038000:273:72217), <anonymous>:5:1894366)
    at XMLHttpRequest.F (eval at <anonymous> (https://assets-green.smiler.com.br//combo?browserId=chrome&minifierType=js&themeId=smilesliferay7theme_WAR_smilesliferay7theme&languageId=pt_BR&smilesliferayreactappsportlet_WAR_smilesliferayreactappsportlet_INSTANCE_Chatbot:%2Fo%2Fsmiles-liferay-react-apps-portlet%2Fjs%2Freact-16.14.0.min.js&smilesliferayreactappsportlet_WAR_smilesliferayreactappsportlet_INSTANCE_Chatbot:%2Fo%2Fsmiles-liferay-react-apps-portlet%2Fjs%2Freact-dom-16.14.0.min.js&smilesliferayreactappsportlet_WAR_smilesliferayreactappsportlet_INSTANCE_Chatbot:%2Fo%2Fsmiles-liferay-react-apps-portlet%2Fjs%2FremoteComponent.js&t=1771930038000:273:72217), <anonymous>:5:1421033) @ https://www.datadoghq-browser-agent.com/us1/v6/datadog-rum.js:0
[    4809ms] [WARNING] Amplitude Logger [Warn]: Plugin with name gtm-library-enrichment already exists, skipping registration @ https://edge.fullstory.com/s/fs.js:3
[    4900ms] [ERROR] Failed to load resource: the server responded with a status of 452 () @ https://recsys-engine-prd.smiles.com.br/v2/recommendation/priority?place=home_2&channel=web&request_id=83224ee7-20fa-4f76-845a-5d05125320c9:0
[    4901ms] [ERROR] Error: Request failed with status code 452
    at A.exports (eval at <anonymous> (https://assets-green.smiler.com.br//combo?browserId=chrome&minifierType=js&themeId=smilesliferay7theme_WAR_smilesliferay7theme&languageId=pt_BR&smilesliferayreactappsportlet_WAR_smilesliferayreactappsportlet_INSTANCE_Chatbot:%2Fo%2Fsmiles-liferay-react-apps-portlet%2Fjs%2Freact-16.14.0.min.js&smilesliferayreactappsportlet_WAR_smilesliferayreactappsportlet_INSTANCE_Chatbot:%2Fo%2Fsmiles-liferay-react-apps-portlet%2Fjs%2Freact-dom-16.14.0.min.js&smilesliferayreactappsportlet_WAR_smilesliferayreactappsportlet_INSTANCE_Chatbot:%2Fo%2Fsmiles-liferay-react-apps-portlet%2Fjs%2FremoteComponent.js&t=1771930038000:273:72217), <anonymous>:5:2039692)
    at A.exports (eval at <anonymous> (https://assets-green.smiler.com.br//combo?browserId=chrome&minifierType=js&themeId=smilesliferay7theme_WAR_smilesliferay7theme&languageId=pt_BR&smilesliferayreactappsportlet_WAR_smilesliferayreactappsportlet_INSTANCE_Chatbot:%2Fo%2Fsmiles-liferay-react-apps-portlet%2Fjs%2Freact-16.14.0.min.js&smilesliferayreactappsportlet_WAR_smilesliferayreactappsportlet_INSTANCE_Chatbot:%2Fo%2Fsmiles-liferay-react-apps-portlet%2Fjs%2Freact-dom-16.14.0.min.js&smilesliferayreactappsportlet_WAR_smilesliferayreactappsportlet_INSTANCE_Chatbot:%2Fo%2Fsmiles-liferay-react-apps-portlet%2Fjs%2FremoteComponent.js&t=1771930038000:273:72217), <anonymous>:5:1894366)
    at XMLHttpRequest.F (eval at <anonymous> (https://assets-green.smiler.com.br//combo?browserId=chrome&minifierType=js&themeId=smilesliferay7theme_WAR_smilesliferay7theme&languageId=pt_BR&smilesliferayreactappsportlet_WAR_smilesliferayreactappsportlet_INSTANCE_Chatbot:%2Fo%2Fsmiles-liferay-react-apps-portlet%2Fjs%2Freact-16.14.0.min.js&smilesliferayreactappsportlet_WAR_smilesliferayreactappsportlet_INSTANCE_Chatbot:%2Fo%2Fsmiles-liferay-react-apps-portlet%2Fjs%2Freact-dom-16.14.0.min.js&smilesliferayreactappsportlet_WAR_smilesliferayreactappsportlet_INSTANCE_Chatbot:%2Fo%2Fsmiles-liferay-react-apps-portlet%2Fjs%2FremoteComponent.js&t=1771930038000:273:72217), <anonymous>:5:1421033) @ https://www.datadoghq-browser-agent.com/us1/v6/datadog-rum.js:0
[    4903ms] [ERROR] Failed to load resource: the server responded with a status of 452 () @ https://recsys-engine-prd.smiles.com.br/v2/recommendation?place=home_1&channel=web&id=b293f2a4-bb7f-4342-9699-03ace621ee66&trace_id=0c6333ff-9064-4493-9fb2-95567b511504&request_id=58724535-ee99-4d98-a4e0-bd984140b74d:0
[    4903ms] [WARNING] getRecommendationData:  Error: Request failed with status code 452
    at A.exports (eval at <anonymous> (https://assets-green.smiler.com.br//combo?browserId=chrome&minifierType=js&themeId=smilesliferay7theme_WAR_smilesliferay7theme&languageId=pt_BR&smilesliferayreactappsportlet_WAR_smilesliferayreactappsportlet_INSTANCE_Chatbot:%2Fo%2Fsmiles-liferay-react-apps-portlet%2Fjs%2Freact-16.14.0.min.js&smilesliferayreactappsportlet_WAR_smilesliferayreactappsportlet_INSTANCE_Chatbot:%2Fo%2Fsmiles-liferay-react-apps-portlet%2Fjs%2Freact-dom-16.14.0.min.js&smilesliferayreactappsportlet_WAR_smilesliferayreactappsportlet_INSTANCE_Chatbot:%2Fo%2Fsmiles-liferay-react-apps-portlet%2Fjs%2FremoteComponent.js&t=1771930038000:273:72217), <anonymous>:5:2039692)
    at A.exports (eval at <anonymous> (https://assets-green.smiler.com.br//combo?browserId=chrome&minifierType=js&themeId=smilesliferay7theme_WAR_smilesliferay7theme&languageId=pt_BR&smilesliferayreactappsportlet_WAR_smilesliferayreactappsportlet_INSTANCE_Chatbot:%2Fo%2Fsmiles-liferay-react-apps-portlet%2Fjs%2Freact-16.14.0.min.js&smilesliferayreactappsportlet_WAR_smilesliferayreactappsportlet_INSTANCE_Chatbot:%2Fo%2Fsmiles-liferay-react-apps-portlet%2Fjs%2Freact-dom-16.14.0.min.js&smilesliferayreactappsportlet_WAR_smilesliferayreactappsportlet_INSTANCE_Chatbot:%2Fo%2Fsmiles-liferay-react-apps-portlet%2Fjs%2FremoteComponent.js&t=1771930038000:273:72217), <anonymous>:5:1894366)
    at XMLHttpRequest.F (eval at <anonymous> (https://assets-green.smiler.com.br//combo?browserId=chrome&minifierType=js&themeId=smilesliferay7theme_WAR_smilesliferay7theme&languageId=pt_BR&smilesliferayreactappsportlet_WAR_smilesliferayreactappsportlet_INSTANCE_Chatbot:%2Fo%2Fsmiles-liferay-react-apps-portlet%2Fjs%2Freact-16.14.0.min.js&smilesliferayreactappsportlet_WAR_smilesliferayreactappsportlet_INSTANCE_Chatbot:%2Fo%2Fsmiles-liferay-react-apps-portlet%2Fjs%2Freact-dom-16.14.0.min.js&smilesliferayreactappsportlet_WAR_smilesliferayreactappsportlet_INSTANCE_Chatbot:%2Fo%2Fsmiles-liferay-react-apps-portlet%2Fjs%2FremoteComponent.js&t=1771930038000:273:72217), <anonymous>:5:1421033) @ https://edge.fullstory.com/s/fs.js:3
[    4923ms] [ERROR] Failed to load resource: the server responded with a status of 452 () @ https://members-green.smiles.com.br/v1/members:0
[    5235ms] [WARNING] [Endpoints] Endpoint ApiGwBr is registered 2 times @ https://edge.fullstory.com/s/fs.js:3
[    5235ms] [WARNING] [Endpoints] Endpoint ApiOAG is registered 5 times @ https://edge.fullstory.com/s/fs.js:3
[    5235ms] [WARNING] [Endpoints] Endpoint ApiAccount is registered 5 times @ https://edge.fullstory.com/s/fs.js:3
[    5235ms] [WARNING] [Endpoints] Endpoint ApiClubPlan is registered 3 times @ https://edge.fullstory.com/s/fs.js:3
[    5235ms] [WARNING] [Endpoints] Endpoint ApiAirports is registered 8 times @ https://edge.fullstory.com/s/fs.js:3
[    5235ms] [WARNING] [Endpoints] Endpoint ApiBoardingTax is registered 4 times @ https://edge.fullstory.com/s/fs.js:3
[    5235ms] [WARNING] [Endpoints] Endpoint ApiGraphQL is registered 3 times @ https://edge.fullstory.com/s/fs.js:3
[    5235ms] [WARNING] [Endpoints] Endpoint ApiTier is registered 3 times @ https://edge.fullstory.com/s/fs.js:3
[    5235ms] [WARNING] [Endpoints] Endpoint ApiRecsysEngine is registered 2 times @ https://edge.fullstory.com/s/fs.js:3
[    5235ms] [WARNING] [Endpoints] Endpoint ApiProductConfig is registered 2 times @ https://edge.fullstory.com/s/fs.js:3
[    5235ms] [WARNING] [Endpoints] Endpoint ApiProductConfigOther is registered 2 times @ https://edge.fullstory.com/s/fs.js:3
[    5235ms] [WARNING] [Endpoints] Endpoint ApiRecsysEngineOther is registered 2 times @ https://edge.fullstory.com/s/fs.js:3
[    5235ms] [WARNING] [Endpoints] Endpoint ApiNotificationsAppSync is registered 2 times @ https://edge.fullstory.com/s/fs.js:3
[    5235ms] [WARNING] [Endpoints] Endpoint ApiPartner is registered 2 times @ https://edge.fullstory.com/s/fs.js:3
[    5235ms] [WARNING] [Endpoints] Endpoint ApiCms is registered 2 times @ https://edge.fullstory.com/s/fs.js:3
[    5235ms] [WARNING] [Endpoints] Endpoint ApiAccountOther is registered 2 times @ https://edge.fullstory.com/s/fs.js:3
[    5235ms] [WARNING] [Endpoints] Endpoint ApiLogin is registered 2 times @ https://edge.fullstory.com/s/fs.js:3
[    5235ms] [WARNING] [Endpoints] Endpoint ApiGamification is registered 2 times @ https://edge.fullstory.com/s/fs.js:3
[    5251ms] [WARNING] [Endpoints] Endpoint ApiGwBr is registered 2 times @ https://edge.fullstory.com/s/fs.js:3
[    5251ms] [WARNING] [Endpoints] Endpoint ApiOAG is registered 5 times @ https://edge.fullstory.com/s/fs.js:3
[    5251ms] [WARNING] [Endpoints] Endpoint ApiAccount is registered 6 times @ https://edge.fullstory.com/s/fs.js:3
[    5251ms] [WARNING] [Endpoints] Endpoint ApiClubPlan is registered 3 times @ https://edge.fullstory.com/s/fs.js:3
[    5251ms] [WARNING] [Endpoints] Endpoint ApiAirports is registered 8 times @ https://edge.fullstory.com/s/fs.js:3
[    5251ms] [WARNING] [Endpoints] Endpoint ApiBoardingTax is registered 4 times @ https://edge.fullstory.com/s/fs.js:3
[    5251ms] [WARNING] [Endpoints] Endpoint ApiGraphQL is registered 3 times @ https://edge.fullstory.com/s/fs.js:3
[    5251ms] [WARNING] [Endpoints] Endpoint ApiTier is registered 3 times @ https://edge.fullstory.com/s/fs.js:3
[    5251ms] [WARNING] [Endpoints] Endpoint ApiRecsysEngine is registered 2 times @ https://edge.fullstory.com/s/fs.js:3
[    5251ms] [WARNING] [Endpoints] Endpoint ApiProductConfig is registered 2 times @ https://edge.fullstory.com/s/fs.js:3
[    5251ms] [WARNING] [Endpoints] Endpoint ApiProductConfigOther is registered 2 times @ https://edge.fullstory.com/s/fs.js:3
[    5251ms] [WARNING] [Endpoints] Endpoint ApiRecsysEngineOther is registered 2 times @ https://edge.fullstory.com/s/fs.js:3
[    5251ms] [WARNING] [Endpoints] Endpoint ApiNotificationsAppSync is registered 2 times @ https://edge.fullstory.com/s/fs.js:3
[    5251ms] [WARNING] [Endpoints] Endpoint ApiPartner is registered 3 times @ https://edge.fullstory.com/s/fs.js:3
[    5251ms] [WARNING] [Endpoints] Endpoint ApiCms is registered 2 times @ https://edge.fullstory.com/s/fs.js:3
[    5251ms] [WARNING] [Endpoints] Endpoint ApiAccountOther is registered 2 times @ https://edge.fullstory.com/s/fs.js:3
[    5251ms] [WARNING] [Endpoints] Endpoint ApiLogin is registered 2 times @ https://edge.fullstory.com/s/fs.js:3
[    5251ms] [WARNING] [Endpoints] Endpoint ApiGamification is registered 2 times @ https://edge.fullstory.com/s/fs.js:3
[    5254ms] [WARNING] [Endpoints] Endpoint ApiGwBr is registered 2 times @ https://edge.fullstory.com/s/fs.js:3
[    5254ms] [WARNING] [Endpoints] Endpoint ApiOAG is registered 5 times @ https://edge.fullstory.com/s/fs.js:3
[    5254ms] [WARNING] [Endpoints] Endpoint ApiAccount is registered 6 times @ https://edge.fullstory.com/s/fs.js:3
[    5254ms] [WARNING] [Endpoints] Endpoint ApiClubPlan is registered 3 times @ https://edge.fullstory.com/s/fs.js:3
[    5254ms] [WARNING] [Endpoints] Endpoint ApiAirports is registered 8 times @ https://edge.fullstory.com/s/fs.js:3
[    5254ms] [WARNING] [Endpoints] Endpoint ApiBoardingTax is registered 4 times @ https://edge.fullstory.com/s/fs.js:3
[    5254ms] [WARNING] [Endpoints] Endpoint ApiGraphQL is registered 3 times @ https://edge.fullstory.com/s/fs.js:3
[    5254ms] [WARNING] [Endpoints] Endpoint ApiTier is registered 3 times @ https://edge.fullstory.com/s/fs.js:3
[    5254ms] [WARNING] [Endpoints] Endpoint ApiRecsysEngine is registered 3 times @ https://edge.fullstory.com/s/fs.js:3
[    5254ms] [WARNING] [Endpoints] Endpoint ApiProductConfig is registered 3 times @ https://edge.fullstory.com/s/fs.js:3
[    5254ms] [WARNING] [Endpoints] Endpoint ApiProductConfigOther is registered 3 times @ https://edge.fullstory.com/s/fs.js:3
[    5254ms] [WARNING] [Endpoints] Endpoint ApiRecsysEngineOther is registered 2 times @ https://edge.fullstory.com/s/fs.js:3
[    5254ms] [WARNING] [Endpoints] Endpoint ApiNotificationsAppSync is registered 2 times @ https://edge.fullstory.com/s/fs.js:3
[    5254ms] [WARNING] [Endpoints] Endpoint ApiPartner is registered 3 times @ https://edge.fullstory.com/s/fs.js:3
[    5254ms] [WARNING] [Endpoints] Endpoint ApiCms is registered 2 times @ https://edge.fullstory.com/s/fs.js:3
[    5254ms] [WARNING] [Endpoints] Endpoint ApiAccountOther is registered 2 times @ https://edge.fullstory.com/s/fs.js:3
[    5254ms] [WARNING] [Endpoints] Endpoint ApiLogin is registered 2 times @ https://edge.fullstory.com/s/fs.js:3
[    5254ms] [WARNING] [Endpoints] Endpoint ApiGamification is registered 2 times @ https://edge.fullstory.com/s/fs.js:3
[    5260ms] [WARNING] [Endpoints] Endpoint ApiGwBr is registered 3 times @ https://edge.fullstory.com/s/fs.js:3
[    5260ms] [WARNING] [Endpoints] Endpoint ApiGwBrOther is registered 2 times @ https://edge.fullstory.com/s/fs.js:3
[    5260ms] [WARNING] [Endpoints] Endpoint ApiOAG is registered 6 times @ https://edge.fullstory.com/s/fs.js:3
[    5260ms] [WARNING] [Endpoints] Endpoint ApiAccount is registered 7 times @ https://edge.fullstory.com/s/fs.js:3
[    5260ms] [WARNING] [Endpoints] Endpoint ApiClubPlan is registered 3 times @ https://edge.fullstory.com/s/fs.js:3
[    5260ms] [WARNING] [Endpoints] Endpoint ApiAirports is registered 8 times @ https://edge.fullstory.com/s/fs.js:3
[    5260ms] [WARNING] [Endpoints] Endpoint ApiBoardingTax is registered 4 times @ https://edge.fullstory.com/s/fs.js:3
[    5260ms] [WARNING] [Endpoints] Endpoint ApiGraphQL is registered 3 times @ https://edge.fullstory.com/s/fs.js:3
[    5260ms] [WARNING] [Endpoints] Endpoint ApiTier is registered 3 times @ https://edge.fullstory.com/s/fs.js:3
[    5260ms] [WARNING] [Endpoints] Endpoint ApiRecsysEngine is registered 3 times @ https://edge.fullstory.com/s/fs.js:3
[    5260ms] [WARNING] [Endpoints] Endpoint ApiProductConfig is registered 3 times @ https://edge.fullstory.com/s/fs.js:3
[    5260ms] [WARNING] [Endpoints] Endpoint ApiProductConfigOther is registered 3 times @ https://edge.fullstory.com/s/fs.js:3
[    5260ms] [WARNING] [Endpoints] Endpoint ApiRecsysEngineOther is registered 2 times @ https://edge.fullstory.com/s/fs.js:3
[    5260ms] [WARNING] [Endpoints] Endpoint ApiNotificationsAppSync is registered 2 times @ https://edge.fullstory.com/s/fs.js:3
[    5260ms] [WARNING] [Endpoints] Endpoint ApiPartner is registered 4 times @ https://edge.fullstory.com/s/fs.js:3
[    5260ms] [WARNING] [Endpoints] Endpoint ApiCms is registered 3 times @ https://edge.fullstory.com/s/fs.js:3
[    5260ms] [WARNING] [Endpoints] Endpoint ApiAccountOther is registered 2 times @ https://edge.fullstory.com/s/fs.js:3
[    5260ms] [WARNING] [Endpoints] Endpoint ApiLogin is registered 2 times @ https://edge.fullstory.com/s/fs.js:3
[    5260ms] [WARNING] [Endpoints] Endpoint ApiGamification is registered 2 times @ https://edge.fullstory.com/s/fs.js:3
[    5270ms] [ERROR] Failed to load resource: the server responded with a status of 452 () @ https://recsys-engine-prd.smiles.com.br/v2/recommendation/priority?place=home_5&channel=web&request_id=687d10f1-0442-4d54-bf80-a72b2829c4b9:0
[    5270ms] [ERROR] Error: Request failed with status code 452
    at A.exports (eval at <anonymous> (https://assets-green.smiler.com.br//combo?browserId=chrome&minifierType=js&themeId=smilesliferay7theme_WAR_smilesliferay7theme&languageId=pt_BR&smilesliferayreactappsportlet_WAR_smilesliferayreactappsportlet_INSTANCE_Chatbot:%2Fo%2Fsmiles-liferay-react-apps-portlet%2Fjs%2Freact-16.14.0.min.js&smilesliferayreactappsportlet_WAR_smilesliferayreactappsportlet_INSTANCE_Chatbot:%2Fo%2Fsmiles-liferay-react-apps-portlet%2Fjs%2Freact-dom-16.14.0.min.js&smilesliferayreactappsportlet_WAR_smilesliferayreactappsportlet_INSTANCE_Chatbot:%2Fo%2Fsmiles-liferay-react-apps-portlet%2Fjs%2FremoteComponent.js&t=1771930038000:273:72217), <anonymous>:5:2039692)
    at A.exports (eval at <anonymous> (https://assets-green.smiler.com.br//combo?browserId=chrome&minifierType=js&themeId=smilesliferay7theme_WAR_smilesliferay7theme&languageId=pt_BR&smilesliferayreactappsportlet_WAR_smilesliferayreactappsportlet_INSTANCE_Chatbot:%2Fo%2Fsmiles-liferay-react-apps-portlet%2Fjs%2Freact-16.14.0.min.js&smilesliferayreactappsportlet_WAR_smilesliferayreactappsportlet_INSTANCE_Chatbot:%2Fo%2Fsmiles-liferay-react-apps-portlet%2Fjs%2Freact-dom-16.14.0.min.js&smilesliferayreactappsportlet_WAR_smilesliferayreactappsportlet_INSTANCE_Chatbot:%2Fo%2Fsmiles-liferay-react-apps-portlet%2Fjs%2FremoteComponent.js&t=1771930038000:273:72217), <anonymous>:5:1894366)
    at XMLHttpRequest.F (eval at <anonymous> (https://assets-green.smiler.com.br//combo?browserId=chrome&minifierType=js&themeId=smilesliferay7theme_WAR_smilesliferay7theme&languageId=pt_BR&smilesliferayreactappsportlet_WAR_smilesliferayreactappsportlet_INSTANCE_Chatbot:%2Fo%2Fsmiles-liferay-react-apps-portlet%2Fjs%2Freact-16.14.0.min.js&smilesliferayreactappsportlet_WAR_smilesliferayreactappsportlet_INSTANCE_Chatbot:%2Fo%2Fsmiles-liferay-react-apps-portlet%2Fjs%2Freact-dom-16.14.0.min.js&smilesliferayreactappsportlet_WAR_smilesliferayreactappsportlet_INSTANCE_Chatbot:%2Fo%2Fsmiles-liferay-react-apps-portlet%2Fjs%2FremoteComponent.js&t=1771930038000:273:72217), <anonymous>:5:1421033) @ https://www.datadoghq-browser-agent.com/us1/v6/datadog-rum.js:0
[    5436ms] [WARNING] [Endpoints] Endpoint ApiGwBr is registered 4 times @ https://edge.fullstory.com/s/fs.js:3
[    5436ms] [WARNING] [Endpoints] Endpoint ApiGwBrOther is registered 3 times @ https://edge.fullstory.com/s/fs.js:3
[    5436ms] [WARNING] [Endpoints] Endpoint ApiOAG is registered 7 times @ https://edge.fullstory.com/s/fs.js:3
[    5436ms] [WARNING] [Endpoints] Endpoint ApiAccount is registered 8 times @ https://edge.fullstory.com/s/fs.js:3
[    5436ms] [WARNING] [Endpoints] Endpoint ApiClubPlan is registered 3 times @ https://edge.fullstory.com/s/fs.js:3
[    5436ms] [WARNING] [Endpoints] Endpoint ApiAirports is registered 8 times @ https://edge.fullstory.com/s/fs.js:3
[    5436ms] [WARNING] [Endpoints] Endpoint ApiBoardingTax is registered 4 times @ https://edge.fullstory.com/s/fs.js:3
[    5436ms] [WARNING] [Endpoints] Endpoint ApiGraphQL is registered 3 times @ https://edge.fullstory.com/s/fs.js:3
[    5436ms] [WARNING] [Endpoints] Endpoint ApiTier is registered 3 times @ https://edge.fullstory.com/s/fs.js:3
[    5436ms] [WARNING] [Endpoints] Endpoint ApiRecsysEngine is registered 3 times @ https://edge.fullstory.com/s/fs.js:3
[    5436ms] [WARNING] [Endpoints] Endpoint ApiProductConfig is registered 3 times @ https://edge.fullstory.com/s/fs.js:3
[    5436ms] [WARNING] [Endpoints] Endpoint ApiProductConfigOther is registered 3 times @ https://edge.fullstory.com/s/fs.js:3
[    5436ms] [WARNING] [Endpoints] Endpoint ApiRecsysEngineOther is registered 2 times @ https://edge.fullstory.com/s/fs.js:3
[    5436ms] [WARNING] [Endpoints] Endpoint ApiNotificationsAppSync is registered 2 times @ https://edge.fullstory.com/s/fs.js:3
[    5436ms] [WARNING] [Endpoints] Endpoint ApiPartner is registered 5 times @ https://edge.fullstory.com/s/fs.js:3
[    5437ms] [WARNING] [Endpoints] Endpoint ApiCms is registered 4 times @ https://edge.fullstory.com/s/fs.js:3
[    5437ms] [WARNING] [Endpoints] Endpoint ApiAccountOther is registered 2 times @ https://edge.fullstory.com/s/fs.js:3
[    5437ms] [WARNING] [Endpoints] Endpoint ApiLogin is registered 2 times @ https://edge.fullstory.com/s/fs.js:3
[    5437ms] [WARNING] [Endpoints] Endpoint ApiGamification is registered 2 times @ https://edge.fullstory.com/s/fs.js:3
[    5437ms] [WARNING] [Endpoints] Endpoint ApiCarAvailability is registered 2 times @ https://edge.fullstory.com/s/fs.js:3
[    5437ms] [WARNING] [Endpoints] Endpoint ApiCarReservations is registered 2 times @ https://edge.fullstory.com/s/fs.js:3
[    5437ms] [WARNING] [Endpoints] Endpoint ApiGwBrOag is registered 2 times @ https://edge.fullstory.com/s/fs.js:3
[    5464ms] [WARNING] [Endpoints] Endpoint ApiGwBr is registered 4 times @ https://edge.fullstory.com/s/fs.js:3
[    5464ms] [WARNING] [Endpoints] Endpoint ApiGwBrOther is registered 3 times @ https://edge.fullstory.com/s/fs.js:3
[    5464ms] [WARNING] [Endpoints] Endpoint ApiOAG is registered 8 times @ https://edge.fullstory.com/s/fs.js:3
[    5464ms] [WARNING] [Endpoints] Endpoint ApiAccount is registered 9 times @ https://edge.fullstory.com/s/fs.js:3
[    5464ms] [WARNING] [Endpoints] Endpoint ApiClubPlan is registered 3 times @ https://edge.fullstory.com/s/fs.js:3
[    5464ms] [WARNING] [Endpoints] Endpoint ApiAirports is registered 9 times @ https://edge.fullstory.com/s/fs.js:3
[    5464ms] [WARNING] [Endpoints] Endpoint ApiBoardingTax is registered 4 times @ https://edge.fullstory.com/s/fs.js:3
[    5464ms] [WARNING] [Endpoints] Endpoint ApiGraphQL is registered 3 times @ https://edge.fullstory.com/s/fs.js:3
[    5464ms] [WARNING] [Endpoints] Endpoint ApiTier is registered 3 times @ https://edge.fullstory.com/s/fs.js:3
[    5464ms] [WARNING] [Endpoints] Endpoint ApiRecsysEngine is registered 3 times @ https://edge.fullstory.com/s/fs.js:3
[    5464ms] [WARNING] [Endpoints] Endpoint ApiProductConfig is registered 3 times @ https://edge.fullstory.com/s/fs.js:3
[    5464ms] [WARNING] [Endpoints] Endpoint ApiProductConfigOther is registered 3 times @ https://edge.fullstory.com/s/fs.js:3
[    5464ms] [WARNING] [Endpoints] Endpoint ApiRecsysEngineOther is registered 2 times @ https://edge.fullstory.com/s/fs.js:3
[    5464ms] [WARNING] [Endpoints] Endpoint ApiNotificationsAppSync is registered 2 times @ https://edge.fullstory.com/s/fs.js:3
[    5464ms] [WARNING] [Endpoints] Endpoint ApiPartner is registered 6 times @ https://edge.fullstory.com/s/fs.js:3
[    5464ms] [WARNING] [Endpoints] Endpoint ApiCms is registered 5 times @ https://edge.fullstory.com/s/fs.js:3
[    5464ms] [WARNING] [Endpoints] Endpoint ApiAccountOther is registered 2 times @ https://edge.fullstory.com/s/fs.js:3
[    5464ms] [WARNING] [Endpoints] Endpoint ApiLogin is registered 2 times @ https://edge.fullstory.com/s/fs.js:3
[    5464ms] [WARNING] [Endpoints] Endpoint ApiGamification is registered 2 times @ https://edge.fullstory.com/s/fs.js:3
[    5464ms] [WARNING] [Endpoints] Endpoint ApiCarAvailability is registered 2 times @ https://edge.fullstory.com/s/fs.js:3
[    5464ms] [WARNING] [Endpoints] Endpoint ApiCarReservations is registered 2 times @ https://edge.fullstory.com/s/fs.js:3
[    5464ms] [WARNING] [Endpoints] Endpoint ApiGwBrOag is registered 2 times @ https://edge.fullstory.com/s/fs.js:3
[    5889ms] [ERROR] Failed to load resource: the server responded with a status of 404 () @ https://product-config-service-green.smiles.com.br/getProdConfig?ProductConfigId=hotels-checkin-antecedence:0
[    5890ms] [ERROR] TypeError: Cannot read properties of null (reading 'payload')
    at eval (eval at <anonymous> (https://assets-green.smiler.com.br//combo?browserId=chrome&minifierType=js&themeId=smilesliferay7theme_WAR_smilesliferay7theme&languageId=pt_BR&smilesliferayreactappsportlet_WAR_smilesliferayreactappsportlet_INSTANCE_Chatbot:%2Fo%2Fsmiles-liferay-react-apps-portlet%2Fjs%2Freact-16.14.0.min.js&smilesliferayreactappsportlet_WAR_smilesliferayreactappsportlet_INSTANCE_Chatbot:%2Fo%2Fsmiles-liferay-react-apps-portlet%2Fjs%2Freact-dom-16.14.0.min.js&smilesliferayreactappsportlet_WAR_smilesliferayreactappsportlet_INSTANCE_Chatbot:%2Fo%2Fsmiles-liferay-react-apps-portlet%2Fjs%2FremoteComponent.js&t=1771930038000:273:72217), <anonymous>:5:3702603)
    at f (eval at <anonymous> (https://assets-green.smiler.com.br//combo?browserId=chrome&minifierType=js&themeId=smilesliferay7theme_WAR_smilesliferay7theme&languageId=pt_BR&smilesliferayreactappsportlet_WAR_smilesliferayreactappsportlet_INSTANCE_Chatbot:%2Fo%2Fsmiles-liferay-react-apps-portlet%2Fjs%2Freact-16.14.0.min.js&smilesliferayreactappsportlet_WAR_smilesliferayreactappsportlet_INSTANCE_Chatbot:%2Fo%2Fsmiles-liferay-react-apps-portlet%2Fjs%2Freact-dom-16.14.0.min.js&smilesliferayreactappsportlet_WAR_smilesliferayreactappsportlet_INSTANCE_Chatbot:%2Fo%2Fsmiles-liferay-react-apps-portlet%2Fjs%2FremoteComponent.js&t=1771930038000:273:72217), <anonymous>:4:2068982)
    at Generator.eval (eval at <anonymous> (https://assets-green.smiler.com.br//combo?browserId=chrome&minifierType=js&themeId=smilesliferay7theme_WAR_smilesliferay7theme&languageId=pt_BR&smilesliferayreactappsportlet_WAR_smilesliferayreactappsportlet_INSTANCE_Chatbot:%2Fo%2Fsmiles-liferay-react-apps-portlet%2Fjs%2Freact-16.14.0.min.js&smilesliferayreactappsportlet_WAR_smilesliferayreactappsportlet_INSTANCE_Chatbot:%2Fo%2Fsmiles-liferay-react-apps-portlet%2Fjs%2Freact-dom-16.14.0.min.js&smilesliferayreactappsportlet_WAR_smilesliferayreactappsportlet_INSTANCE_Chatbot:%2Fo%2Fsmiles-liferay-react-apps-portlet%2Fjs%2FremoteComponent.js&t=1771930038000:273:72217), <anonymous>:4:2070324)
    at Generator.eval [as next] (eval at <anonymous> (https://assets-green.smiler.com.br//combo?browserId=chrome&minifierType=js&themeId=smilesliferay7theme_WAR_smilesliferay7theme&languageId=pt_BR&smilesliferayreactappsportlet_WAR_smilesliferayreactappsportlet_INSTANCE_Chatbot:%2Fo%2Fsmiles-liferay-react-apps-portlet%2Fjs%2Freact-16.14.0.min.js&smilesliferayreactappsportlet_WAR_smilesliferayreactappsportlet_INSTANCE_Chatbot:%2Fo%2Fsmiles-liferay-react-apps-portlet%2Fjs%2Freact-dom-16.14.0.min.js&smilesliferayreactappsportlet_WAR_smilesliferayreactappsportlet_INSTANCE_Chatbot:%2Fo%2Fsmiles-liferay-react-apps-portlet%2Fjs%2FremoteComponent.js&t=1771930038000:273:72217), <anonymous>:4:2069411)
    at e (eval at <anonymous> (https://assets-green.smiler.com.br//combo?browserId=chrome&minifierType=js&themeId=smilesliferay7theme_WAR_smilesliferay7theme&languageId=pt_BR&smilesliferayreactappsportlet_WAR_smilesliferayreactappsportlet_INSTANCE_Chatbot:%2Fo%2Fsmiles-liferay-react-apps-portlet%2Fjs%2Freact-16.14.0.min.js&smilesliferayreactappsportlet_WAR_smilesliferayreactappsportlet_INSTANCE_Chatbot:%2Fo%2Fsmiles-liferay-react-apps-portlet%2Fjs%2Freact-dom-16.14.0.min.js&smilesliferayreactappsportlet_WAR_smilesliferayreactappsportlet_INSTANCE_Chatbot:%2Fo%2Fsmiles-liferay-react-apps-portlet%2Fjs%2FremoteComponent.js&t=1771930038000:273:72217), <anonymous>:5:3454048)
    at s (eval at <anonymous> (https://assets-green.smiler.com.br//combo?browserId=chrome&minifierType=js&themeId=smilesliferay7theme_WAR_smilesliferay7theme&languageId=pt_BR&smilesliferayreactappsportlet_WAR_smilesliferayreactappsportlet_INSTANCE_Chatbot:%2Fo%2Fsmiles-liferay-react-apps-portlet%2Fjs%2Freact-16.14.0.min.js&smilesliferayreactappsportlet_WAR_smilesliferayreactappsportlet_INSTANCE_Chatbot:%2Fo%2Fsmiles-liferay-react-apps-portlet%2Fjs%2Freact-dom-16.14.0.min.js&smilesliferayreactappsportlet_WAR_smilesliferayreactappsportlet_INSTANCE_Chatbot:%2Fo%2Fsmiles-liferay-react-apps-portlet%2Fjs%2FremoteComponent.js&t=1771930038000:273:72217), <anonymous>:5:3454251) @ https://www.datadoghq-browser-agent.com/us1/v6/datadog-rum.js:0
[    5890ms] [ERROR] Failed to load resource: the server responded with a status of 452 () @ https://members-green.smiles.com.br/v1/members:0
[    5893ms] [ERROR] Elemento com ID Nao teve-id-tab não encontrado. @ https://www.datadoghq-browser-agent.com/us1/v6/datadog-rum.js:0
[    6519ms] [ERROR] Elemento com ID Nao teve-id-tab não encontrado. @ https://www.datadoghq-browser-agent.com/us1/v6/datadog-rum.js:0
[   29810ms] [WARNING] single-spa-react: @smiles/header's rootComponent should implement componentDidCatch to avoid accidentally unmounting the entire single-spa application. @ https://www.smiles.com.br/mfe-portal/static/0.smiles-root-config.js:0
[   29861ms] [WARNING] single-spa-react: @smiles/footer's rootComponent should implement componentDidCatch to avoid accidentally unmounting the entire single-spa application. @ https://www.smiles.com.br/mfe-portal/static/0.smiles-root-config.js:0
[   29942ms] [WARNING] single-spa-react: @smiles/mobile-header's rootComponent should implement componentDidCatch to avoid accidentally unmounting the entire single-spa application. @ https://www.smiles.com.br/mfe-portal/static/0.smiles-root-config.js:0
[   29945ms] Error: application '@smiles/mobile-header' died in status SKIP_BECAUSE_BROKEN: single-spa-react: domElementGetter function for application '@smiles/mobile-header' did not return a valid dom element. Please pass a valid domElement or domElementGetter via opts or props
    at https://www.smiles.com.br/mfe-portal/static/0.smiles-root-config.js:1:2844
    at https://www.smiles.com.br/mfe-portal/static/0.smiles-root-config.js:1:3063
    at new Promise (<anonymous>)
    at c (https://www.smiles.com.br/mfe-portal/static/0.smiles-root-config.js:1:1337)
    at https://www.smiles.com.br/mfe-portal/static/smiles-root-config.js?v=0.95.1743:1:6188
[   30110ms] [WARNING] [Endpoints] Endpoint ApiGwBr is registered 2 times @ https://www.smiles.com.br/mfe-apps/flight-availability/0.32.649/smiles-flight-availability.js:1
[   30110ms] [WARNING] [Endpoints] Endpoint ApiOAG is registered 2 times @ https://www.smiles.com.br/mfe-apps/flight-availability/0.32.649/smiles-flight-availability.js:1
[   30160ms] [WARNING] [Endpoints] Endpoint ApiGwBr is registered 2 times @ https://www.smiles.com.br/mfe-apps/flight-availability/0.32.649/smiles-flight-availability.js:1
[   30160ms] [WARNING] [Endpoints] Endpoint ApiOAG is registered 3 times @ https://www.smiles.com.br/mfe-apps/flight-availability/0.32.649/smiles-flight-availability.js:1
[   30160ms] [WARNING] [Endpoints] Endpoint ApiAirports is registered 2 times @ https://www.smiles.com.br/mfe-apps/flight-availability/0.32.649/smiles-flight-availability.js:1
[   30160ms] [WARNING] [Endpoints] Endpoint ApiBoardingTax is registered 2 times @ https://www.smiles.com.br/mfe-apps/flight-availability/0.32.649/smiles-flight-availability.js:1
[   30184ms] [WARNING] [Endpoints] Endpoint ApiGwBr is registered 2 times @ https://www.smiles.com.br/mfe-apps/flight-availability/0.32.649/smiles-flight-availability.js:1
[   30184ms] [WARNING] [Endpoints] Endpoint ApiOAG is registered 4 times @ https://www.smiles.com.br/mfe-apps/flight-availability/0.32.649/smiles-flight-availability.js:1
[   30184ms] [WARNING] [Endpoints] Endpoint ApiAccount is registered 2 times @ https://www.smiles.com.br/mfe-apps/flight-availability/0.32.649/smiles-flight-availability.js:1
[   30184ms] [WARNING] [Endpoints] Endpoint ApiAirports is registered 3 times @ https://www.smiles.com.br/mfe-apps/flight-availability/0.32.649/smiles-flight-availability.js:1
[   30185ms] [WARNING] [Endpoints] Endpoint ApiBoardingTax is registered 2 times @ https://www.smiles.com.br/mfe-apps/flight-availability/0.32.649/smiles-flight-availability.js:1
[   30211ms] [WARNING] [Endpoints] Endpoint ApiGwBr is registered 2 times @ https://www.smiles.com.br/mfe-apps/flight-availability/0.32.649/smiles-flight-availability.js:1
[   30211ms] [WARNING] [Endpoints] Endpoint ApiOAG is registered 4 times @ https://www.smiles.com.br/mfe-apps/flight-availability/0.32.649/smiles-flight-availability.js:1
[   30211ms] [WARNING] [Endpoints] Endpoint ApiAccount is registered 2 times @ https://www.smiles.com.br/mfe-apps/flight-availability/0.32.649/smiles-flight-availability.js:1
[   30211ms] [WARNING] [Endpoints] Endpoint ApiAirports is registered 3 times @ https://www.smiles.com.br/mfe-apps/flight-availability/0.32.649/smiles-flight-availability.js:1
[   30211ms] [WARNING] [Endpoints] Endpoint ApiBoardingTax is registered 2 times @ https://www.smiles.com.br/mfe-apps/flight-availability/0.32.649/smiles-flight-availability.js:1
[   30222ms] [WARNING] [Endpoints] Endpoint ApiGwBr is registered 2 times @ https://www.smiles.com.br/mfe-apps/flight-availability/0.32.649/smiles-flight-availability.js:1
[   30222ms] [WARNING] [Endpoints] Endpoint ApiGwBrOther is registered 2 times @ https://www.smiles.com.br/mfe-apps/flight-availability/0.32.649/smiles-flight-availability.js:1
[   30222ms] [WARNING] [Endpoints] Endpoint ApiOAG is registered 4 times @ https://www.smiles.com.br/mfe-apps/flight-availability/0.32.649/smiles-flight-availability.js:1
[   30222ms] [WARNING] [Endpoints] Endpoint ApiAccount is registered 2 times @ https://www.smiles.com.br/mfe-apps/flight-availability/0.32.649/smiles-flight-availability.js:1
[   30222ms] [WARNING] [Endpoints] Endpoint ApiAirports is registered 3 times @ https://www.smiles.com.br/mfe-apps/flight-availability/0.32.649/smiles-flight-availability.js:1
[   30222ms] [WARNING] [Endpoints] Endpoint ApiBoardingTax is registered 2 times @ https://www.smiles.com.br/mfe-apps/flight-availability/0.32.649/smiles-flight-availability.js:1
[   30236ms] [WARNING] [Endpoints] Endpoint ApiGwBr is registered 2 times @ https://www.smiles.com.br/mfe-apps/flight-availability/0.32.649/smiles-flight-availability.js:1
[   30236ms] [WARNING] [Endpoints] Endpoint ApiGwBrOther is registered 2 times @ https://www.smiles.com.br/mfe-apps/flight-availability/0.32.649/smiles-flight-availability.js:1
[   30236ms] [WARNING] [Endpoints] Endpoint ApiOAG is registered 5 times @ https://www.smiles.com.br/mfe-apps/flight-availability/0.32.649/smiles-flight-availability.js:1
[   30236ms] [WARNING] [Endpoints] Endpoint ApiAccount is registered 2 times @ https://www.smiles.com.br/mfe-apps/flight-availability/0.32.649/smiles-flight-availability.js:1
[   30236ms] [WARNING] [Endpoints] Endpoint ApiAirports is registered 4 times @ https://www.smiles.com.br/mfe-apps/flight-availability/0.32.649/smiles-flight-availability.js:1
[   30236ms] [WARNING] [Endpoints] Endpoint ApiBoardingTax is registered 3 times @ https://www.smiles.com.br/mfe-apps/flight-availability/0.32.649/smiles-flight-availability.js:1
[   30236ms] [WARNING] [Endpoints] Endpoint ApiAirlinesCarousel is registered 2 times @ https://www.smiles.com.br/mfe-apps/flight-availability/0.32.649/smiles-flight-availability.js:1
[   30236ms] [WARNING] [Endpoints] Endpoint ApiAirlinesCalendar is registered 2 times @ https://www.smiles.com.br/mfe-apps/flight-availability/0.32.649/smiles-flight-availability.js:1
[   30236ms] [WARNING] [Endpoints] Endpoint ApiFlightSearch is registered 2 times @ https://www.smiles.com.br/mfe-apps/flight-availability/0.32.649/smiles-flight-availability.js:1
[   30236ms] [WARNING] [Endpoints] Endpoint ApiFlightAvailability is registered 2 times @ https://www.smiles.com.br/mfe-apps/flight-availability/0.32.649/smiles-flight-availability.js:1
[   30236ms] [WARNING] [Endpoints] Endpoint CheckelEgibilityUpgrade is registered 2 times @ https://www.smiles.com.br/mfe-apps/flight-availability/0.32.649/smiles-flight-availability.js:1
[   30236ms] [WARNING] [Endpoints] Endpoint ApiOptinWhatsApp is registered 2 times @ https://www.smiles.com.br/mfe-apps/flight-availability/0.32.649/smiles-flight-availability.js:1
[   30236ms] [WARNING] [Endpoints] Endpoint ApiRadar is registered 2 times @ https://www.smiles.com.br/mfe-apps/flight-availability/0.32.649/smiles-flight-availability.js:1
[   30236ms] [WARNING] [Endpoints] Endpoint ApiRetroCredit is registered 2 times @ https://www.smiles.com.br/mfe-apps/flight-availability/0.32.649/smiles-flight-availability.js:1
[   30236ms] [WARNING] [Endpoints] Endpoint ApiMemberFlight is registered 2 times @ https://www.smiles.com.br/mfe-apps/flight-availability/0.32.649/smiles-flight-availability.js:1
[   30250ms] [WARNING] [Endpoints] Endpoint ApiGwBr is registered 2 times @ https://www.smiles.com.br/mfe-apps/flight-availability/0.32.649/smiles-flight-availability.js:1
[   30250ms] [WARNING] [Endpoints] Endpoint ApiGwBrOther is registered 2 times @ https://www.smiles.com.br/mfe-apps/flight-availability/0.32.649/smiles-flight-availability.js:1
[   30250ms] [WARNING] [Endpoints] Endpoint ApiOAG is registered 5 times @ https://www.smiles.com.br/mfe-apps/flight-availability/0.32.649/smiles-flight-availability.js:1
[   30250ms] [WARNING] [Endpoints] Endpoint ApiAccount is registered 3 times @ https://www.smiles.com.br/mfe-apps/flight-availability/0.32.649/smiles-flight-availability.js:1
[   30250ms] [WARNING] [Endpoints] Endpoint ApiClubPlan is registered 2 times @ https://www.smiles.com.br/mfe-apps/flight-availability/0.32.649/smiles-flight-availability.js:1
[   30250ms] [WARNING] [Endpoints] Endpoint ApiAirports is registered 5 times @ https://www.smiles.com.br/mfe-apps/flight-availability/0.32.649/smiles-flight-availability.js:1
[   30251ms] [WARNING] [Endpoints] Endpoint ApiBoardingTax is registered 4 times @ https://www.smiles.com.br/mfe-apps/flight-availability/0.32.649/smiles-flight-availability.js:1
[   30251ms] [WARNING] [Endpoints] Endpoint ApiGraphQL is registered 2 times @ https://www.smiles.com.br/mfe-apps/flight-availability/0.32.649/smiles-flight-availability.js:1
[   30251ms] [WARNING] [Endpoints] Endpoint ApiTier is registered 2 times @ https://www.smiles.com.br/mfe-apps/flight-availability/0.32.649/smiles-flight-availability.js:1
[   30251ms] [WARNING] [Endpoints] Endpoint ApiAirlinesCarousel is registered 2 times @ https://www.smiles.com.br/mfe-apps/flight-availability/0.32.649/smiles-flight-availability.js:1
[   30251ms] [WARNING] [Endpoints] Endpoint ApiAirlinesCalendar is registered 2 times @ https://www.smiles.com.br/mfe-apps/flight-availability/0.32.649/smiles-flight-availability.js:1
[   30251ms] [WARNING] [Endpoints] Endpoint ApiFlightSearch is registered 2 times @ https://www.smiles.com.br/mfe-apps/flight-availability/0.32.649/smiles-flight-availability.js:1
[   30251ms] [WARNING] [Endpoints] Endpoint ApiFlightAvailability is registered 2 times @ https://www.smiles.com.br/mfe-apps/flight-availability/0.32.649/smiles-flight-availability.js:1
[   30251ms] [WARNING] [Endpoints] Endpoint CheckelEgibilityUpgrade is registered 2 times @ https://www.smiles.com.br/mfe-apps/flight-availability/0.32.649/smiles-flight-availability.js:1
[   30251ms] [WARNING] [Endpoints] Endpoint ApiOptinWhatsApp is registered 2 times @ https://www.smiles.com.br/mfe-apps/flight-availability/0.32.649/smiles-flight-availability.js:1
[   30251ms] [WARNING] [Endpoints] Endpoint ApiRadar is registered 2 times @ https://www.smiles.com.br/mfe-apps/flight-availability/0.32.649/smiles-flight-availability.js:1
[   30251ms] [WARNING] [Endpoints] Endpoint ApiRetroCredit is registered 2 times @ https://www.smiles.com.br/mfe-apps/flight-availability/0.32.649/smiles-flight-availability.js:1
[   30251ms] [WARNING] [Endpoints] Endpoint ApiMemberFlight is registered 2 times @ https://www.smiles.com.br/mfe-apps/flight-availability/0.32.649/smiles-flight-availability.js:1
[   30257ms] [WARNING] [Endpoints] Endpoint ApiGwBr is registered 2 times @ https://www.smiles.com.br/mfe-apps/flight-availability/0.32.649/smiles-flight-availability.js:1
[   30257ms] [WARNING] [Endpoints] Endpoint ApiGwBrOther is registered 2 times @ https://www.smiles.com.br/mfe-apps/flight-availability/0.32.649/smiles-flight-availability.js:1
[   30257ms] [WARNING] [Endpoints] Endpoint ApiOAG is registered 5 times @ https://www.smiles.com.br/mfe-apps/flight-availability/0.32.649/smiles-flight-availability.js:1
[   30257ms] [WARNING] [Endpoints] Endpoint ApiAccount is registered 3 times @ https://www.smiles.com.br/mfe-apps/flight-availability/0.32.649/smiles-flight-availability.js:1
[   30257ms] [WARNING] [Endpoints] Endpoint ApiClubPlan is registered 3 times @ https://www.smiles.com.br/mfe-apps/flight-availability/0.32.649/smiles-flight-availability.js:1
[   30257ms] [WARNING] [Endpoints] Endpoint ApiAirports is registered 5 times @ https://www.smiles.com.br/mfe-apps/flight-availability/0.32.649/smiles-flight-availability.js:1
[   30257ms] [WARNING] [Endpoints] Endpoint ApiBoardingTax is registered 4 times @ https://www.smiles.com.br/mfe-apps/flight-availability/0.32.649/smiles-flight-availability.js:1
[   30257ms] [WARNING] [Endpoints] Endpoint ApiGraphQL is registered 2 times @ https://www.smiles.com.br/mfe-apps/flight-availability/0.32.649/smiles-flight-availability.js:1
[   30257ms] [WARNING] [Endpoints] Endpoint ApiTier is registered 2 times @ https://www.smiles.com.br/mfe-apps/flight-availability/0.32.649/smiles-flight-availability.js:1
[   30257ms] [WARNING] [Endpoints] Endpoint ApiAirlinesCarousel is registered 2 times @ https://www.smiles.com.br/mfe-apps/flight-availability/0.32.649/smiles-flight-availability.js:1
[   30257ms] [WARNING] [Endpoints] Endpoint ApiAirlinesCalendar is registered 2 times @ https://www.smiles.com.br/mfe-apps/flight-availability/0.32.649/smiles-flight-availability.js:1
[   30257ms] [WARNING] [Endpoints] Endpoint ApiFlightSearch is registered 2 times @ https://www.smiles.com.br/mfe-apps/flight-availability/0.32.649/smiles-flight-availability.js:1
[   30257ms] [WARNING] [Endpoints] Endpoint ApiFlightAvailability is registered 2 times @ https://www.smiles.com.br/mfe-apps/flight-availability/0.32.649/smiles-flight-availability.js:1
[   30257ms] [WARNING] [Endpoints] Endpoint CheckelEgibilityUpgrade is registered 2 times @ https://www.smiles.com.br/mfe-apps/flight-availability/0.32.649/smiles-flight-availability.js:1
[   30257ms] [WARNING] [Endpoints] Endpoint ApiOptinWhatsApp is registered 2 times @ https://www.smiles.com.br/mfe-apps/flight-availability/0.32.649/smiles-flight-availability.js:1
[   30257ms] [WARNING] [Endpoints] Endpoint ApiRadar is registered 2 times @ https://www.smiles.com.br/mfe-apps/flight-availability/0.32.649/smiles-flight-availability.js:1
[   30258ms] [WARNING] [Endpoints] Endpoint ApiRetroCredit is registered 2 times @ https://www.smiles.com.br/mfe-apps/flight-availability/0.32.649/smiles-flight-availability.js:1
[   30258ms] [WARNING] [Endpoints] Endpoint ApiMemberFlight is registered 2 times @ https://www.smiles.com.br/mfe-apps/flight-availability/0.32.649/smiles-flight-availability.js:1
[   30263ms] [WARNING] single-spa-react: @smiles/flight-availability's rootComponent should implement componentDidCatch to avoid accidentally unmounting the entire single-spa application. @ https://www.smiles.com.br/mfe-apps/flight-availability/0.32.649/smiles-flight-availability.js:1
[   30459ms] [ERROR] ValidationError: tripType is a required field
    at h (https://www.smiles.com.br/mfe-apps/flight-availability/0.32.649/smiles-flight-availability.js:2:8203974)
    at t (https://www.smiles.com.br/mfe-apps/flight-availability/0.32.649/smiles-flight-availability.js:2:8204459)
    at Tn (https://www.smiles.com.br/mfe-apps/flight-availability/0.32.649/smiles-flight-availability.js:2:8201860)
    at https://www.smiles.com.br/mfe-apps/flight-availability/0.32.649/smiles-flight-availability.js:2:8209802
    at https://www.smiles.com.br/mfe-apps/flight-availability/0.32.649/smiles-flight-availability.js:2:8201722
    at https://www.smiles.com.br/mfe-apps/flight-availability/0.32.649/smiles-flight-availability.js:2:8202058
    at t (https://www.smiles.com.br/mfe-apps/flight-availability/0.32.649/smiles-flight-availability.js:2:8204447)
    at Tn (https://www.smiles.com.br/mfe-apps/flight-availability/0.32.649/smiles-flight-availability.js:2:8201860)
    at Kn._validate (https://www.smiles.com.br/mfe-apps/flight-availability/0.32.649/smiles-flight-availability.js:2:8209736)
    at Kn.validate (https://www.smiles.com.br/mfe-apps/flight-availability/0.32.649/smiles-flight-availability.js:2:8209964) @ https://www.datadoghq-browser-agent.com/us1/v6/datadog-rum.js:0
[   30462ms] [ERROR] ValidationError: tripType is a required field
    at h (https://www.smiles.com.br/mfe-apps/flight-availability/0.32.649/smiles-flight-availability.js:2:8203974)
    at t (https://www.smiles.com.br/mfe-apps/flight-availability/0.32.649/smiles-flight-availability.js:2:8204459)
    at Tn (https://www.smiles.com.br/mfe-apps/flight-availability/0.32.649/smiles-flight-availability.js:2:8201860)
    at https://www.smiles.com.br/mfe-apps/flight-availability/0.32.649/smiles-flight-availability.js:2:8209802
    at https://www.smiles.com.br/mfe-apps/flight-availability/0.32.649/smiles-flight-availability.js:2:8201722
    at https://www.smiles.com.br/mfe-apps/flight-availability/0.32.649/smiles-flight-availability.js:2:8202058
    at t (https://www.smiles.com.br/mfe-apps/flight-availability/0.32.649/smiles-flight-availability.js:2:8204447)
    at Tn (https://www.smiles.com.br/mfe-apps/flight-availability/0.32.649/smiles-flight-availability.js:2:8201860)
    at Kn._validate (https://www.smiles.com.br/mfe-apps/flight-availability/0.32.649/smiles-flight-availability.js:2:8209736)
    at Kn.validate (https://www.smiles.com.br/mfe-apps/flight-availability/0.32.649/smiles-flight-availability.js:2:8209964) @ https://www.datadoghq-browser-agent.com/us1/v6/datadog-rum.js:0
[   30464ms] [WARNING] INVALID SEARCH QUERY @ https://edge.fullstory.com/s/fs.js:3
[   30473ms] [ERROR] TypeError: Cannot read properties of null (reading 'memberNumber')
    at dp (https://www.smiles.com.br/mfe-apps/flight-availability/0.32.649/smiles-flight-availability.js:2:8363087)
    at dp.next (<anonymous>)
    at c (https://www.smiles.com.br/mfe-apps/flight-availability/0.32.649/smiles-flight-availability.js:2:8254671)
    at l (https://www.smiles.com.br/mfe-apps/flight-availability/0.32.649/smiles-flight-availability.js:2:8254989)
    at ys.<computed> (https://www.smiles.com.br/mfe-apps/flight-availability/0.32.649/smiles-flight-availability.js:2:8251693)
    at https://www.smiles.com.br/mfe-apps/flight-availability/0.32.649/smiles-flight-availability.js:2:8254302
    at m (https://www.smiles.com.br/mfe-apps/flight-availability/0.32.649/smiles-flight-availability.js:2:8255204)
    at c (https://www.smiles.com.br/mfe-apps/flight-availability/0.32.649/smiles-flight-availability.js:2:8254731)
    at _s (https://www.smiles.com.br/mfe-apps/flight-availability/0.32.649/smiles-flight-availability.js:2:8254496)
    at https://www.smiles.com.br/mfe-apps/flight-availability/0.32.649/smiles-flight-availability.js:2:8251113 @ https://www.datadoghq-browser-agent.com/us1/v6/datadog-rum.js:0
[   30474ms] [ERROR] The above error occurred in task dp
    created by takeLatest(global/changeMemberData, dp)
    created by mp
Tasks cancelled due to error:
takeLatest(global/changeMemberData, dp)
takeLatest(global/init, up)
takeLatest(global/persistStore, cp) @ https://www.datadoghq-browser-agent.com/us1/v6/datadog-rum.js:0
[   30478ms] [ERROR] TypeError: Cannot read properties of null (reading 'querySelector')
    at Object.smlsManageMenuOption (https://static.smiler.com.br/hf/header.js?v=0.95.1743:1334:37)
    at Object.initCommonsElements (https://static.smiler.com.br/hf/header.js?v=0.95.1743:1949:12)
    at Object.init (https://static.smiler.com.br/hf/header.js?v=0.95.1743:2787:12)
    at window.smlsReloadHeader (https://static.smiler.com.br/hf/header.js?v=0.95.1743:3011:22)
    at https://www.smiles.com.br/mfe-portal/static/9.smiles-root-config.js:1:775
    at la (https://www.smiles.com.br/mfe-portal/static/0.smiles-root-config.js:22:83209)
    at gu (https://www.smiles.com.br/mfe-portal/static/0.smiles-root-config.js:22:102288)
    at t.unstable_runWithPriority (https://www.smiles.com.br/mfe-portal/static/0.smiles-root-config.js:30:3844)
    at Bl (https://www.smiles.com.br/mfe-portal/static/0.smiles-root-config.js:22:45024)
    at hu (https://www.smiles.com.br/mfe-portal/static/0.smiles-root-config.js:22:102047) @ https://www.datadoghq-browser-agent.com/us1/v6/datadog-rum.js:0
[   30507ms] [ERROR] Failed to load resource: the server responded with a status of 452 () @ https://airports-green.smiles.com.br/v1/airports?size=50:0
[   30581ms] [ERROR] Creating a worker from 'blob:https://www.smiles.com.br/9dc26e5e-ed94-48af-9874-7f45e8cff33d' violates the following Content Security Policy directive: "script-src 'unsafe-inline' 'unsafe-eval' https: localhost:*". Note that 'worker-src' was not explicitly set, so 'script-src' is used as a fallback. The action has been blocked. @ https://www.smiles.com.br/_lx-MWATM/tNJsL-Y/Wgg4mB6/2Kcg/fit9hfzhzzbhN0uN/eXZvAQ/K1tkI0sJ/NVYB:0
[   30877ms] [ERROR] Creating a worker from 'blob:https://www.smiles.com.br/aed18063-0ddc-4ebd-86da-6d3a641bd228' violates the following Content Security Policy directive: "script-src 'unsafe-inline' 'unsafe-eval' https: localhost:*". Note that 'worker-src' was not explicitly set, so 'script-src' is used as a fallback. The action has been blocked. @ https://www.smiles.com.br/_lx-MWATM/tNJsL-Y/Wgg4mB6/2Kcg/w0t9hfEcau/B1p4AQ/MAstMGhu/MVUPAg?v=e33b60b4-2206-52f2-711f-e1f32ad91730:0
[   32485ms] Uncaught TypeError: Cannot read properties of null (reading 'querySelector')
    at smlsManageMenuOption (https://static.smiler.com.br/hf/header.js?v=0.95.1743:1333:36)
    at initCommonsElements (https://static.smiler.com.br/hf/header.js?v=0.95.1743:1948:11)
    at init (https://static.smiler.com.br/hf/header.js?v=0.95.1743:2786:11)
    at <anonymous> (https://static.smiler.com.br/hf/header.js?v=0.95.1743:1903:46)
[   34486ms] Uncaught TypeError: Cannot read properties of null (reading 'querySelector')
    at smlsManageMenuOption (https://static.smiler.com.br/hf/header.js?v=0.95.1743:1333:36)
    at initCommonsElements (https://static.smiler.com.br/hf/header.js?v=0.95.1743:1948:11)
    at init (https://static.smiler.com.br/hf/header.js?v=0.95.1743:2786:11)
    at <anonymous> (https://static.smiler.com.br/hf/header.js?v=0.95.1743:1903:46)
[   36487ms] Uncaught TypeError: Cannot read properties of null (reading 'querySelector')
    at smlsManageMenuOption (https://static.smiler.com.br/hf/header.js?v=0.95.1743:1333:36)
    at initCommonsElements (https://static.smiler.com.br/hf/header.js?v=0.95.1743:1948:11)
    at init (https://static.smiler.com.br/hf/header.js?v=0.95.1743:2786:11)
    at <anonymous> (https://static.smiler.com.br/hf/header.js?v=0.95.1743:1903:46)
[   38489ms] Uncaught TypeError: Cannot read properties of null (reading 'querySelector')
    at smlsManageMenuOption (https://static.smiler.com.br/hf/header.js?v=0.95.1743:1333:36)
    at initCommonsElements (https://static.smiler.com.br/hf/header.js?v=0.95.1743:1948:11)
    at init (https://static.smiler.com.br/hf/header.js?v=0.95.1743:2786:11)
    at <anonymous> (https://static.smiler.com.br/hf/header.js?v=0.95.1743:1903:46)
[   40490ms] Uncaught TypeError: Cannot read properties of null (reading 'querySelector')
    at smlsManageMenuOption (https://static.smiler.com.br/hf/header.js?v=0.95.1743:1333:36)
    at initCommonsElements (https://static.smiler.com.br/hf/header.js?v=0.95.1743:1948:11)
    at init (https://static.smiler.com.br/hf/header.js?v=0.95.1743:2786:11)
    at <anonymous> (https://static.smiler.com.br/hf/header.js?v=0.95.1743:1903:46)
[   42493ms] Uncaught TypeError: Cannot read properties of null (reading 'querySelector')
    at smlsManageMenuOption (https://static.smiler.com.br/hf/header.js?v=0.95.1743:1333:36)
    at initCommonsElements (https://static.smiler.com.br/hf/header.js?v=0.95.1743:1948:11)
    at init (https://static.smiler.com.br/hf/header.js?v=0.95.1743:2786:11)
    at <anonymous> (https://static.smiler.com.br/hf/header.js?v=0.95.1743:1903:46)
[   44497ms] Uncaught TypeError: Cannot read properties of null (reading 'querySelector')
    at smlsManageMenuOption (https://static.smiler.com.br/hf/header.js?v=0.95.1743:1333:36)
    at initCommonsElements (https://static.smiler.com.br/hf/header.js?v=0.95.1743:1948:11)
    at init (https://static.smiler.com.br/hf/header.js?v=0.95.1743:2786:11)
    at <anonymous> (https://static.smiler.com.br/hf/header.js?v=0.95.1743:1903:46)
[   46498ms] Uncaught TypeError: Cannot read properties of null (reading 'querySelector')
    at smlsManageMenuOption (https://static.smiler.com.br/hf/header.js?v=0.95.1743:1333:36)
    at initCommonsElements (https://static.smiler.com.br/hf/header.js?v=0.95.1743:1948:11)
    at init (https://static.smiler.com.br/hf/header.js?v=0.95.1743:2786:11)
    at <anonymous> (https://static.smiler.com.br/hf/header.js?v=0.95.1743:1903:46)
[   48501ms] Uncaught TypeError: Cannot read properties of null (reading 'querySelector')
    at smlsManageMenuOption (https://static.smiler.com.br/hf/header.js?v=0.95.1743:1333:36)
    at initCommonsElements (https://static.smiler.com.br/hf/header.js?v=0.95.1743:1948:11)
    at init (https://static.smiler.com.br/hf/header.js?v=0.95.1743:2786:11)
    at <anonymous> (https://static.smiler.com.br/hf/header.js?v=0.95.1743:1903:46)
[   50503ms] Uncaught TypeError: Cannot read properties of null (reading 'querySelector')
    at smlsManageMenuOption (https://static.smiler.com.br/hf/header.js?v=0.95.1743:1333:36)
    at initCommonsElements (https://static.smiler.com.br/hf/header.js?v=0.95.1743:1948:11)
    at init (https://static.smiler.com.br/hf/header.js?v=0.95.1743:2786:11)
    at <anonymous> (https://static.smiler.com.br/hf/header.js?v=0.95.1743:1903:46)
[   52506ms] Uncaught TypeError: Cannot read properties of null (reading 'querySelector')
    at smlsManageMenuOption (https://static.smiler.com.br/hf/header.js?v=0.95.1743:1333:36)
    at initCommonsElements (https://static.smiler.com.br/hf/header.js?v=0.95.1743:1948:11)
    at init (https://static.smiler.com.br/hf/header.js?v=0.95.1743:2786:11)
    at <anonymous> (https://static.smiler.com.br/hf/header.js?v=0.95.1743:1903:46)
[   54506ms] Uncaught TypeError: Cannot read properties of null (reading 'querySelector')
    at smlsManageMenuOption (https://static.smiler.com.br/hf/header.js?v=0.95.1743:1333:36)
    at initCommonsElements (https://static.smiler.com.br/hf/header.js?v=0.95.1743:1948:11)
    at init (https://static.smiler.com.br/hf/header.js?v=0.95.1743:2786:11)
    at <anonymous> (https://static.smiler.com.br/hf/header.js?v=0.95.1743:1903:46)
[   56508ms] Uncaught TypeError: Cannot read properties of null (reading 'querySelector')
    at smlsManageMenuOption (https://static.smiler.com.br/hf/header.js?v=0.95.1743:1333:36)
    at initCommonsElements (https://static.smiler.com.br/hf/header.js?v=0.95.1743:1948:11)
    at init (https://static.smiler.com.br/hf/header.js?v=0.95.1743:2786:11)
    at <anonymous> (https://static.smiler.com.br/hf/header.js?v=0.95.1743:1903:46)
[   58513ms] Uncaught TypeError: Cannot read properties of null (reading 'querySelector')
    at smlsManageMenuOption (https://static.smiler.com.br/hf/header.js?v=0.95.1743:1333:36)
    at initCommonsElements (https://static.smiler.com.br/hf/header.js?v=0.95.1743:1948:11)
    at init (https://static.smiler.com.br/hf/header.js?v=0.95.1743:2786:11)
    at <anonymous> (https://static.smiler.com.br/hf/header.js?v=0.95.1743:1903:46)
[   60511ms] Uncaught TypeError: Cannot read properties of null (reading 'querySelector')
    at smlsManageMenuOption (https://static.smiler.com.br/hf/header.js?v=0.95.1743:1333:36)
    at initCommonsElements (https://static.smiler.com.br/hf/header.js?v=0.95.1743:1948:11)
    at init (https://static.smiler.com.br/hf/header.js?v=0.95.1743:2786:11)
    at <anonymous> (https://static.smiler.com.br/hf/header.js?v=0.95.1743:1903:46)
[   62515ms] Uncaught TypeError: Cannot read properties of null (reading 'querySelector')
    at smlsManageMenuOption (https://static.smiler.com.br/hf/header.js?v=0.95.1743:1333:36)
    at initCommonsElements (https://static.smiler.com.br/hf/header.js?v=0.95.1743:1948:11)
    at init (https://static.smiler.com.br/hf/header.js?v=0.95.1743:2786:11)
    at <anonymous> (https://static.smiler.com.br/hf/header.js?v=0.95.1743:1903:46)
[   64517ms] Uncaught TypeError: Cannot read properties of null (reading 'querySelector')
    at smlsManageMenuOption (https://static.smiler.com.br/hf/header.js?v=0.95.1743:1333:36)
    at initCommonsElements (https://static.smiler.com.br/hf/header.js?v=0.95.1743:1948:11)
    at init (https://static.smiler.com.br/hf/header.js?v=0.95.1743:2786:11)
    at <anonymous> (https://static.smiler.com.br/hf/header.js?v=0.95.1743:1903:46)
[   66520ms] Uncaught TypeError: Cannot read properties of null (reading 'querySelector')
    at smlsManageMenuOption (https://static.smiler.com.br/hf/header.js?v=0.95.1743:1333:36)
    at initCommonsElements (https://static.smiler.com.br/hf/header.js?v=0.95.1743:1948:11)
    at init (https://static.smiler.com.br/hf/header.js?v=0.95.1743:2786:11)
    at <anonymous> (https://static.smiler.com.br/hf/header.js?v=0.95.1743:1903:46)
[   68520ms] Uncaught TypeError: Cannot read properties of null (reading 'querySelector')
    at smlsManageMenuOption (https://static.smiler.com.br/hf/header.js?v=0.95.1743:1333:36)
    at initCommonsElements (https://static.smiler.com.br/hf/header.js?v=0.95.1743:1948:11)
    at init (https://static.smiler.com.br/hf/header.js?v=0.95.1743:2786:11)
    at <anonymous> (https://static.smiler.com.br/hf/header.js?v=0.95.1743:1903:46)
[   70526ms] Uncaught TypeError: Cannot read properties of null (reading 'querySelector')
    at smlsManageMenuOption (https://static.smiler.com.br/hf/header.js?v=0.95.1743:1333:36)
    at initCommonsElements (https://static.smiler.com.br/hf/header.js?v=0.95.1743:1948:11)
    at init (https://static.smiler.com.br/hf/header.js?v=0.95.1743:2786:11)
    at <anonymous> (https://static.smiler.com.br/hf/header.js?v=0.95.1743:1903:46)
[   72525ms] Uncaught TypeError: Cannot read properties of null (reading 'querySelector')
    at smlsManageMenuOption (https://static.smiler.com.br/hf/header.js?v=0.95.1743:1333:36)
    at initCommonsElements (https://static.smiler.com.br/hf/header.js?v=0.95.1743:1948:11)
    at init (https://static.smiler.com.br/hf/header.js?v=0.95.1743:2786:11)
    at <anonymous> (https://static.smiler.com.br/hf/header.js?v=0.95.1743:1903:46)
[   74526ms] Uncaught TypeError: Cannot read properties of null (reading 'querySelector')
    at smlsManageMenuOption (https://static.smiler.com.br/hf/header.js?v=0.95.1743:1333:36)
    at initCommonsElements (https://static.smiler.com.br/hf/header.js?v=0.95.1743:1948:11)
    at init (https://static.smiler.com.br/hf/header.js?v=0.95.1743:2786:11)
    at <anonymous> (https://static.smiler.com.br/hf/header.js?v=0.95.1743:1903:46)
[   76528ms] Uncaught TypeError: Cannot read properties of null (reading 'querySelector')
    at smlsManageMenuOption (https://static.smiler.com.br/hf/header.js?v=0.95.1743:1333:36)
    at initCommonsElements (https://static.smiler.com.br/hf/header.js?v=0.95.1743:1948:11)
    at init (https://static.smiler.com.br/hf/header.js?v=0.95.1743:2786:11)
    at <anonymous> (https://static.smiler.com.br/hf/header.js?v=0.95.1743:1903:46)
[   78530ms] Uncaught TypeError: Cannot read properties of null (reading 'querySelector')
    at smlsManageMenuOption (https://static.smiler.com.br/hf/header.js?v=0.95.1743:1333:36)
    at initCommonsElements (https://static.smiler.com.br/hf/header.js?v=0.95.1743:1948:11)
    at init (https://static.smiler.com.br/hf/header.js?v=0.95.1743:2786:11)
    at <anonymous> (https://static.smiler.com.br/hf/header.js?v=0.95.1743:1903:46)
[   80533ms] Uncaught TypeError: Cannot read properties of null (reading 'querySelector')
    at smlsManageMenuOption (https://static.smiler.com.br/hf/header.js?v=0.95.1743:1333:36)
    at initCommonsElements (https://static.smiler.com.br/hf/header.js?v=0.95.1743:1948:11)
    at init (https://static.smiler.com.br/hf/header.js?v=0.95.1743:2786:11)
    at <anonymous> (https://static.smiler.com.br/hf/header.js?v=0.95.1743:1903:46)
[   82535ms] Uncaught TypeError: Cannot read properties of null (reading 'querySelector')
    at smlsManageMenuOption (https://static.smiler.com.br/hf/header.js?v=0.95.1743:1333:36)
    at initCommonsElements (https://static.smiler.com.br/hf/header.js?v=0.95.1743:1948:11)
    at init (https://static.smiler.com.br/hf/header.js?v=0.95.1743:2786:11)
    at <anonymous> (https://static.smiler.com.br/hf/header.js?v=0.95.1743:1903:46)
[   84541ms] Uncaught TypeError: Cannot read properties of null (reading 'querySelector')
    at smlsManageMenuOption (https://static.smiler.com.br/hf/header.js?v=0.95.1743:1333:36)
    at initCommonsElements (https://static.smiler.com.br/hf/header.js?v=0.95.1743:1948:11)
    at init (https://static.smiler.com.br/hf/header.js?v=0.95.1743:2786:11)
    at <anonymous> (https://static.smiler.com.br/hf/header.js?v=0.95.1743:1903:46)
[   86539ms] Uncaught TypeError: Cannot read properties of null (reading 'querySelector')
    at smlsManageMenuOption (https://static.smiler.com.br/hf/header.js?v=0.95.1743:1333:36)
    at initCommonsElements (https://static.smiler.com.br/hf/header.js?v=0.95.1743:1948:11)
    at init (https://static.smiler.com.br/hf/header.js?v=0.95.1743:2786:11)
    at <anonymous> (https://static.smiler.com.br/hf/header.js?v=0.95.1743:1903:46)
[   88543ms] Uncaught TypeError: Cannot read properties of null (reading 'querySelector')
    at smlsManageMenuOption (https://static.smiler.com.br/hf/header.js?v=0.95.1743:1333:36)
    at initCommonsElements (https://static.smiler.com.br/hf/header.js?v=0.95.1743:1948:11)
    at init (https://static.smiler.com.br/hf/header.js?v=0.95.1743:2786:11)
    at <anonymous> (https://static.smiler.com.br/hf/header.js?v=0.95.1743:1903:46)
[   90542ms] Uncaught TypeError: Cannot read properties of null (reading 'querySelector')
    at smlsManageMenuOption (https://static.smiler.com.br/hf/header.js?v=0.95.1743:1333:36)
    at initCommonsElements (https://static.smiler.com.br/hf/header.js?v=0.95.1743:1948:11)
    at init (https://static.smiler.com.br/hf/header.js?v=0.95.1743:2786:11)
    at <anonymous> (https://static.smiler.com.br/hf/header.js?v=0.95.1743:1903:46)
[   92545ms] Uncaught TypeError: Cannot read properties of null (reading 'querySelector')
    at smlsManageMenuOption (https://static.smiler.com.br/hf/header.js?v=0.95.1743:1333:36)
    at initCommonsElements (https://static.smiler.com.br/hf/header.js?v=0.95.1743:1948:11)
    at init (https://static.smiler.com.br/hf/header.js?v=0.95.1743:2786:11)
    at <anonymous> (https://static.smiler.com.br/hf/header.js?v=0.95.1743:1903:46)
[   94547ms] Uncaught TypeError: Cannot read properties of null (reading 'querySelector')
    at smlsManageMenuOption (https://static.smiler.com.br/hf/header.js?v=0.95.1743:1333:36)
    at initCommonsElements (https://static.smiler.com.br/hf/header.js?v=0.95.1743:1948:11)
    at init (https://static.smiler.com.br/hf/header.js?v=0.95.1743:2786:11)
    at <anonymous> (https://static.smiler.com.br/hf/header.js?v=0.95.1743:1903:46)
[   96550ms] Uncaught TypeError: Cannot read properties of null (reading 'querySelector')
    at smlsManageMenuOption (https://static.smiler.com.br/hf/header.js?v=0.95.1743:1333:36)
    at initCommonsElements (https://static.smiler.com.br/hf/header.js?v=0.95.1743:1948:11)
    at init (https://static.smiler.com.br/hf/header.js?v=0.95.1743:2786:11)
    at <anonymous> (https://static.smiler.com.br/hf/header.js?v=0.95.1743:1903:46)
[   98551ms] Uncaught TypeError: Cannot read properties of null (reading 'querySelector')
    at smlsManageMenuOption (https://static.smiler.com.br/hf/header.js?v=0.95.1743:1333:36)
    at initCommonsElements (https://static.smiler.com.br/hf/header.js?v=0.95.1743:1948:11)
    at init (https://static.smiler.com.br/hf/header.js?v=0.95.1743:2786:11)
    at <anonymous> (https://static.smiler.com.br/hf/header.js?v=0.95.1743:1903:46)
[  100552ms] Uncaught TypeError: Cannot read properties of null (reading 'querySelector')
    at smlsManageMenuOption (https://static.smiler.com.br/hf/header.js?v=0.95.1743:1333:36)
    at initCommonsElements (https://static.smiler.com.br/hf/header.js?v=0.95.1743:1948:11)
    at init (https://static.smiler.com.br/hf/header.js?v=0.95.1743:2786:11)
    at <anonymous> (https://static.smiler.com.br/hf/header.js?v=0.95.1743:1903:46)
[  102554ms] Uncaught TypeError: Cannot read properties of null (reading 'querySelector')
    at smlsManageMenuOption (https://static.smiler.com.br/hf/header.js?v=0.95.1743:1333:36)
    at initCommonsElements (https://static.smiler.com.br/hf/header.js?v=0.95.1743:1948:11)
    at init (https://static.smiler.com.br/hf/header.js?v=0.95.1743:2786:11)
    at <anonymous> (https://static.smiler.com.br/hf/header.js?v=0.95.1743:1903:46)
[  104556ms] Uncaught TypeError: Cannot read properties of null (reading 'querySelector')
    at smlsManageMenuOption (https://static.smiler.com.br/hf/header.js?v=0.95.1743:1333:36)
    at initCommonsElements (https://static.smiler.com.br/hf/header.js?v=0.95.1743:1948:11)
    at init (https://static.smiler.com.br/hf/header.js?v=0.95.1743:2786:11)
    at <anonymous> (https://static.smiler.com.br/hf/header.js?v=0.95.1743:1903:46)
[  106557ms] Uncaught TypeError: Cannot read properties of null (reading 'querySelector')
    at smlsManageMenuOption (https://static.smiler.com.br/hf/header.js?v=0.95.1743:1333:36)
    at initCommonsElements (https://static.smiler.com.br/hf/header.js?v=0.95.1743:1948:11)
    at init (https://static.smiler.com.br/hf/header.js?v=0.95.1743:2786:11)
    at <anonymous> (https://static.smiler.com.br/hf/header.js?v=0.95.1743:1903:46)
[  108563ms] Uncaught TypeError: Cannot read properties of null (reading 'querySelector')
    at smlsManageMenuOption (https://static.smiler.com.br/hf/header.js?v=0.95.1743:1333:36)
    at initCommonsElements (https://static.smiler.com.br/hf/header.js?v=0.95.1743:1948:11)
    at init (https://static.smiler.com.br/hf/header.js?v=0.95.1743:2786:11)
    at <anonymous> (https://static.smiler.com.br/hf/header.js?v=0.95.1743:1903:46)
[  110561ms] Uncaught TypeError: Cannot read properties of null (reading 'querySelector')
    at smlsManageMenuOption (https://static.smiler.com.br/hf/header.js?v=0.95.1743:1333:36)
    at initCommonsElements (https://static.smiler.com.br/hf/header.js?v=0.95.1743:1948:11)
    at init (https://static.smiler.com.br/hf/header.js?v=0.95.1743:2786:11)
    at <anonymous> (https://static.smiler.com.br/hf/header.js?v=0.95.1743:1903:46)
[  112564ms] Uncaught TypeError: Cannot read properties of null (reading 'querySelector')
    at smlsManageMenuOption (https://static.smiler.com.br/hf/header.js?v=0.95.1743:1333:36)
    at initCommonsElements (https://static.smiler.com.br/hf/header.js?v=0.95.1743:1948:11)
    at init (https://static.smiler.com.br/hf/header.js?v=0.95.1743:2786:11)
    at <anonymous> (https://static.smiler.com.br/hf/header.js?v=0.95.1743:1903:46)
[  114567ms] Uncaught TypeError: Cannot read properties of null (reading 'querySelector')
    at smlsManageMenuOption (https://static.smiler.com.br/hf/header.js?v=0.95.1743:1333:36)
    at initCommonsElements (https://static.smiler.com.br/hf/header.js?v=0.95.1743:1948:11)
    at init (https://static.smiler.com.br/hf/header.js?v=0.95.1743:2786:11)
    at <anonymous> (https://static.smiler.com.br/hf/header.js?v=0.95.1743:1903:46)
[  116568ms] Uncaught TypeError: Cannot read properties of null (reading 'querySelector')
    at smlsManageMenuOption (https://static.smiler.com.br/hf/header.js?v=0.95.1743:1333:36)
    at initCommonsElements (https://static.smiler.com.br/hf/header.js?v=0.95.1743:1948:11)
    at init (https://static.smiler.com.br/hf/header.js?v=0.95.1743:2786:11)
    at <anonymous> (https://static.smiler.com.br/hf/header.js?v=0.95.1743:1903:46)
[  118575ms] Uncaught TypeError: Cannot read properties of null (reading 'querySelector')
    at smlsManageMenuOption (https://static.smiler.com.br/hf/header.js?v=0.95.1743:1333:36)
    at initCommonsElements (https://static.smiler.com.br/hf/header.js?v=0.95.1743:1948:11)
    at init (https://static.smiler.com.br/hf/header.js?v=0.95.1743:2786:11)
    at <anonymous> (https://static.smiler.com.br/hf/header.js?v=0.95.1743:1903:46)
[  120572ms] Uncaught TypeError: Cannot read properties of null (reading 'querySelector')
    at smlsManageMenuOption (https://static.smiler.com.br/hf/header.js?v=0.95.1743:1333:36)
    at initCommonsElements (https://static.smiler.com.br/hf/header.js?v=0.95.1743:1948:11)
    at init (https://static.smiler.com.br/hf/header.js?v=0.95.1743:2786:11)
    at <anonymous> (https://static.smiler.com.br/hf/header.js?v=0.95.1743:1903:46)
[  122576ms] Uncaught TypeError: Cannot read properties of null (reading 'querySelector')
    at smlsManageMenuOption (https://static.smiler.com.br/hf/header.js?v=0.95.1743:1333:36)
    at initCommonsElements (https://static.smiler.com.br/hf/header.js?v=0.95.1743:1948:11)
    at init (https://static.smiler.com.br/hf/header.js?v=0.95.1743:2786:11)
    at <anonymous> (https://static.smiler.com.br/hf/header.js?v=0.95.1743:1903:46)
[  124576ms] Uncaught TypeError: Cannot read properties of null (reading 'querySelector')
    at smlsManageMenuOption (https://static.smiler.com.br/hf/header.js?v=0.95.1743:1333:36)
    at initCommonsElements (https://static.smiler.com.br/hf/header.js?v=0.95.1743:1948:11)
    at init (https://static.smiler.com.br/hf/header.js?v=0.95.1743:2786:11)
    at <anonymous> (https://static.smiler.com.br/hf/header.js?v=0.95.1743:1903:46)
[  126578ms] Uncaught TypeError: Cannot read properties of null (reading 'querySelector')
    at smlsManageMenuOption (https://static.smiler.com.br/hf/header.js?v=0.95.1743:1333:36)
    at initCommonsElements (https://static.smiler.com.br/hf/header.js?v=0.95.1743:1948:11)
    at init (https://static.smiler.com.br/hf/header.js?v=0.95.1743:2786:11)
    at <anonymous> (https://static.smiler.com.br/hf/header.js?v=0.95.1743:1903:46)
[  128582ms] Uncaught TypeError: Cannot read properties of null (reading 'querySelector')
    at smlsManageMenuOption (https://static.smiler.com.br/hf/header.js?v=0.95.1743:1333:36)
    at initCommonsElements (https://static.smiler.com.br/hf/header.js?v=0.95.1743:1948:11)
    at init (https://static.smiler.com.br/hf/header.js?v=0.95.1743:2786:11)
    at <anonymous> (https://static.smiler.com.br/hf/header.js?v=0.95.1743:1903:46)
[  130583ms] Uncaught TypeError: Cannot read properties of null (reading 'querySelector')
    at smlsManageMenuOption (https://static.smiler.com.br/hf/header.js?v=0.95.1743:1333:36)
    at initCommonsElements (https://static.smiler.com.br/hf/header.js?v=0.95.1743:1948:11)
    at init (https://static.smiler.com.br/hf/header.js?v=0.95.1743:2786:11)
    at <anonymous> (https://static.smiler.com.br/hf/header.js?v=0.95.1743:1903:46)
[  132585ms] Uncaught TypeError: Cannot read properties of null (reading 'querySelector')
    at smlsManageMenuOption (https://static.smiler.com.br/hf/header.js?v=0.95.1743:1333:36)
    at initCommonsElements (https://static.smiler.com.br/hf/header.js?v=0.95.1743:1948:11)
    at init (https://static.smiler.com.br/hf/header.js?v=0.95.1743:2786:11)
    at <anonymous> (https://static.smiler.com.br/hf/header.js?v=0.95.1743:1903:46)
[  134589ms] Uncaught TypeError: Cannot read properties of null (reading 'querySelector')
    at smlsManageMenuOption (https://static.smiler.com.br/hf/header.js?v=0.95.1743:1333:36)
    at initCommonsElements (https://static.smiler.com.br/hf/header.js?v=0.95.1743:1948:11)
    at init (https://static.smiler.com.br/hf/header.js?v=0.95.1743:2786:11)
    at <anonymous> (https://static.smiler.com.br/hf/header.js?v=0.95.1743:1903:46)
[  136591ms] Uncaught TypeError: Cannot read properties of null (reading 'querySelector')
    at smlsManageMenuOption (https://static.smiler.com.br/hf/header.js?v=0.95.1743:1333:36)
    at initCommonsElements (https://static.smiler.com.br/hf/header.js?v=0.95.1743:1948:11)
    at init (https://static.smiler.com.br/hf/header.js?v=0.95.1743:2786:11)
    at <anonymous> (https://static.smiler.com.br/hf/header.js?v=0.95.1743:1903:46)
[  138592ms] Uncaught TypeError: Cannot read properties of null (reading 'querySelector')
    at smlsManageMenuOption (https://static.smiler.com.br/hf/header.js?v=0.95.1743:1333:36)
    at initCommonsElements (https://static.smiler.com.br/hf/header.js?v=0.95.1743:1948:11)
    at init (https://static.smiler.com.br/hf/header.js?v=0.95.1743:2786:11)
    at <anonymous> (https://static.smiler.com.br/hf/header.js?v=0.95.1743:1903:46)
[  140593ms] Uncaught TypeError: Cannot read properties of null (reading 'querySelector')
    at smlsManageMenuOption (https://static.smiler.com.br/hf/header.js?v=0.95.1743:1333:36)
    at initCommonsElements (https://static.smiler.com.br/hf/header.js?v=0.95.1743:1948:11)
    at init (https://static.smiler.com.br/hf/header.js?v=0.95.1743:2786:11)
    at <anonymous> (https://static.smiler.com.br/hf/header.js?v=0.95.1743:1903:46)
[  142599ms] Uncaught TypeError: Cannot read properties of null (reading 'querySelector')
    at smlsManageMenuOption (https://static.smiler.com.br/hf/header.js?v=0.95.1743:1333:36)
    at initCommonsElements (https://static.smiler.com.br/hf/header.js?v=0.95.1743:1948:11)
    at init (https://static.smiler.com.br/hf/header.js?v=0.95.1743:2786:11)
    at <anonymous> (https://static.smiler.com.br/hf/header.js?v=0.95.1743:1903:46)
[  144600ms] Uncaught TypeError: Cannot read properties of null (reading 'querySelector')
    at smlsManageMenuOption (https://static.smiler.com.br/hf/header.js?v=0.95.1743:1333:36)
    at initCommonsElements (https://static.smiler.com.br/hf/header.js?v=0.95.1743:1948:11)
    at init (https://static.smiler.com.br/hf/header.js?v=0.95.1743:2786:11)
    at <anonymous> (https://static.smiler.com.br/hf/header.js?v=0.95.1743:1903:46)
[  146601ms] Uncaught TypeError: Cannot read properties of null (reading 'querySelector')
    at smlsManageMenuOption (https://static.smiler.com.br/hf/header.js?v=0.95.1743:1333:36)
    at initCommonsElements (https://static.smiler.com.br/hf/header.js?v=0.95.1743:1948:11)
    at init (https://static.smiler.com.br/hf/header.js?v=0.95.1743:2786:11)
    at <anonymous> (https://static.smiler.com.br/hf/header.js?v=0.95.1743:1903:46)
[  148601ms] Uncaught TypeError: Cannot read properties of null (reading 'querySelector')
    at smlsManageMenuOption (https://static.smiler.com.br/hf/header.js?v=0.95.1743:1333:36)
    at initCommonsElements (https://static.smiler.com.br/hf/header.js?v=0.95.1743:1948:11)
    at init (https://static.smiler.com.br/hf/header.js?v=0.95.1743:2786:11)
    at <anonymous> (https://static.smiler.com.br/hf/header.js?v=0.95.1743:1903:46)
[  150602ms] Uncaught TypeError: Cannot read properties of null (reading 'querySelector')
    at smlsManageMenuOption (https://static.smiler.com.br/hf/header.js?v=0.95.1743:1333:36)
    at initCommonsElements (https://static.smiler.com.br/hf/header.js?v=0.95.1743:1948:11)
    at init (https://static.smiler.com.br/hf/header.js?v=0.95.1743:2786:11)
    at <anonymous> (https://static.smiler.com.br/hf/header.js?v=0.95.1743:1903:46)
[  152603ms] Uncaught TypeError: Cannot read properties of null (reading 'querySelector')
    at smlsManageMenuOption (https://static.smiler.com.br/hf/header.js?v=0.95.1743:1333:36)
    at initCommonsElements (https://static.smiler.com.br/hf/header.js?v=0.95.1743:1948:11)
    at init (https://static.smiler.com.br/hf/header.js?v=0.95.1743:2786:11)
    at <anonymous> (https://static.smiler.com.br/hf/header.js?v=0.95.1743:1903:46)
[  154604ms] Uncaught TypeError: Cannot read properties of null (reading 'querySelector')
    at smlsManageMenuOption (https://static.smiler.com.br/hf/header.js?v=0.95.1743:1333:36)
    at initCommonsElements (https://static.smiler.com.br/hf/header.js?v=0.95.1743:1948:11)
    at init (https://static.smiler.com.br/hf/header.js?v=0.95.1743:2786:11)
    at <anonymous> (https://static.smiler.com.br/hf/header.js?v=0.95.1743:1903:46)
[  156605ms] Uncaught TypeError: Cannot read properties of null (reading 'querySelector')
    at smlsManageMenuOption (https://static.smiler.com.br/hf/header.js?v=0.95.1743:1333:36)
    at initCommonsElements (https://static.smiler.com.br/hf/header.js?v=0.95.1743:1948:11)
    at init (https://static.smiler.com.br/hf/header.js?v=0.95.1743:2786:11)
    at <anonymous> (https://static.smiler.com.br/hf/header.js?v=0.95.1743:1903:46)
[  158606ms] Uncaught TypeError: Cannot read properties of null (reading 'querySelector')
    at smlsManageMenuOption (https://static.smiler.com.br/hf/header.js?v=0.95.1743:1333:36)
    at initCommonsElements (https://static.smiler.com.br/hf/header.js?v=0.95.1743:1948:11)
    at init (https://static.smiler.com.br/hf/header.js?v=0.95.1743:2786:11)
    at <anonymous> (https://static.smiler.com.br/hf/header.js?v=0.95.1743:1903:46)
[  160609ms] Uncaught TypeError: Cannot read properties of null (reading 'querySelector')
    at smlsManageMenuOption (https://static.smiler.com.br/hf/header.js?v=0.95.1743:1333:36)
    at initCommonsElements (https://static.smiler.com.br/hf/header.js?v=0.95.1743:1948:11)
    at init (https://static.smiler.com.br/hf/header.js?v=0.95.1743:2786:11)
    at <anonymous> (https://static.smiler.com.br/hf/header.js?v=0.95.1743:1903:46)
[  162611ms] Uncaught TypeError: Cannot read properties of null (reading 'querySelector')
    at smlsManageMenuOption (https://static.smiler.com.br/hf/header.js?v=0.95.1743:1333:36)
    at initCommonsElements (https://static.smiler.com.br/hf/header.js?v=0.95.1743:1948:11)
    at init (https://static.smiler.com.br/hf/header.js?v=0.95.1743:2786:11)
    at <anonymous> (https://static.smiler.com.br/hf/header.js?v=0.95.1743:1903:46)
[  164613ms] Uncaught TypeError: Cannot read properties of null (reading 'querySelector')
    at smlsManageMenuOption (https://static.smiler.com.br/hf/header.js?v=0.95.1743:1333:36)
    at initCommonsElements (https://static.smiler.com.br/hf/header.js?v=0.95.1743:1948:11)
    at init (https://static.smiler.com.br/hf/header.js?v=0.95.1743:2786:11)
    at <anonymous> (https://static.smiler.com.br/hf/header.js?v=0.95.1743:1903:46)
[  166614ms] Uncaught TypeError: Cannot read properties of null (reading 'querySelector')
    at smlsManageMenuOption (https://static.smiler.com.br/hf/header.js?v=0.95.1743:1333:36)
    at initCommonsElements (https://static.smiler.com.br/hf/header.js?v=0.95.1743:1948:11)
    at init (https://static.smiler.com.br/hf/header.js?v=0.95.1743:2786:11)
    at <anonymous> (https://static.smiler.com.br/hf/header.js?v=0.95.1743:1903:46)
[  166866ms] [ERROR] Access to fetch at 'https://static.smiler.com.br/bs-theme/css/smls-flight-availability.min.css?v=0.95.1743' from origin 'https://www.smiles.com.br' has been blocked by CORS policy: No 'Access-Control-Allow-Origin' header is present on the requested resource. @ https://www.smiles.com.br/mfe/emissao-passagem?originAirportCode=GRU&destinationAirportCode=MIA&departureDate=2026-04-01&isRoundTrip=false&adults=1&children=0&infants=0&cabinType=all&isFlexibleDateChecked=false:0
[  166866ms] [ERROR] Failed to load resource: net::ERR_FAILED @ https://static.smiler.com.br/bs-theme/css/smls-flight-availability.min.css?v=0.95.1743:0
[  168614ms] Uncaught TypeError: Cannot read properties of null (reading 'querySelector')
    at smlsManageMenuOption (https://static.smiler.com.br/hf/header.js?v=0.95.1743:1333:36)
    at initCommonsElements (https://static.smiler.com.br/hf/header.js?v=0.95.1743:1948:11)
    at init (https://static.smiler.com.br/hf/header.js?v=0.95.1743:2786:11)
    at <anonymous> (https://static.smiler.com.br/hf/header.js?v=0.95.1743:1903:46)
[  170615ms] Uncaught TypeError: Cannot read properties of null (reading 'querySelector')
    at smlsManageMenuOption (https://static.smiler.com.br/hf/header.js?v=0.95.1743:1333:36)
    at initCommonsElements (https://static.smiler.com.br/hf/header.js?v=0.95.1743:1948:11)
    at init (https://static.smiler.com.br/hf/header.js?v=0.95.1743:2786:11)
    at <anonymous> (https://static.smiler.com.br/hf/header.js?v=0.95.1743:1903:46)
[  172616ms] Uncaught TypeError: Cannot read properties of null (reading 'querySelector')
    at smlsManageMenuOption (https://static.smiler.com.br/hf/header.js?v=0.95.1743:1333:36)
    at initCommonsElements (https://static.smiler.com.br/hf/header.js?v=0.95.1743:1948:11)
    at init (https://static.smiler.com.br/hf/header.js?v=0.95.1743:2786:11)
    at <anonymous> (https://static.smiler.com.br/hf/header.js?v=0.95.1743:1903:46)
[  174618ms] Uncaught TypeError: Cannot read properties of null (reading 'querySelector')
    at smlsManageMenuOption (https://static.smiler.com.br/hf/header.js?v=0.95.1743:1333:36)
    at initCommonsElements (https://static.smiler.com.br/hf/header.js?v=0.95.1743:1948:11)
    at init (https://static.smiler.com.br/hf/header.js?v=0.95.1743:2786:11)
    at <anonymous> (https://static.smiler.com.br/hf/header.js?v=0.95.1743:1903:46)
[  176619ms] Uncaught TypeError: Cannot read properties of null (reading 'querySelector')
    at smlsManageMenuOption (https://static.smiler.com.br/hf/header.js?v=0.95.1743:1333:36)
    at initCommonsElements (https://static.smiler.com.br/hf/header.js?v=0.95.1743:1948:11)
    at init (https://static.smiler.com.br/hf/header.js?v=0.95.1743:2786:11)
    at <anonymous> (https://static.smiler.com.br/hf/header.js?v=0.95.1743:1903:46)
[  178622ms] Uncaught TypeError: Cannot read properties of null (reading 'querySelector')
    at smlsManageMenuOption (https://static.smiler.com.br/hf/header.js?v=0.95.1743:1333:36)
    at initCommonsElements (https://static.smiler.com.br/hf/header.js?v=0.95.1743:1948:11)
    at init (https://static.smiler.com.br/hf/header.js?v=0.95.1743:2786:11)
    at <anonymous> (https://static.smiler.com.br/hf/header.js?v=0.95.1743:1903:46)
[  180625ms] Uncaught TypeError: Cannot read properties of null (reading 'querySelector')
    at smlsManageMenuOption (https://static.smiler.com.br/hf/header.js?v=0.95.1743:1333:36)
    at initCommonsElements (https://static.smiler.com.br/hf/header.js?v=0.95.1743:1948:11)
    at init (https://static.smiler.com.br/hf/header.js?v=0.95.1743:2786:11)
    at <anonymous> (https://static.smiler.com.br/hf/header.js?v=0.95.1743:1903:46)
[  182625ms] Uncaught TypeError: Cannot read properties of null (reading 'querySelector')
    at smlsManageMenuOption (https://static.smiler.com.br/hf/header.js?v=0.95.1743:1333:36)
    at initCommonsElements (https://static.smiler.com.br/hf/header.js?v=0.95.1743:1948:11)
    at init (https://static.smiler.com.br/hf/header.js?v=0.95.1743:2786:11)
    at <anonymous> (https://static.smiler.com.br/hf/header.js?v=0.95.1743:1903:46)
[  184627ms] Uncaught TypeError: Cannot read properties of null (reading 'querySelector')
    at smlsManageMenuOption (https://static.smiler.com.br/hf/header.js?v=0.95.1743:1333:36)
    at initCommonsElements (https://static.smiler.com.br/hf/header.js?v=0.95.1743:1948:11)
    at init (https://static.smiler.com.br/hf/header.js?v=0.95.1743:2786:11)
    at <anonymous> (https://static.smiler.com.br/hf/header.js?v=0.95.1743:1903:46)
[  186629ms] Uncaught TypeError: Cannot read properties of null (reading 'querySelector')
    at smlsManageMenuOption (https://static.smiler.com.br/hf/header.js?v=0.95.1743:1333:36)
    at initCommonsElements (https://static.smiler.com.br/hf/header.js?v=0.95.1743:1948:11)
    at init (https://static.smiler.com.br/hf/header.js?v=0.95.1743:2786:11)
    at <anonymous> (https://static.smiler.com.br/hf/header.js?v=0.95.1743:1903:46)
[  188631ms] Uncaught TypeError: Cannot read properties of null (reading 'querySelector')
    at smlsManageMenuOption (https://static.smiler.com.br/hf/header.js?v=0.95.1743:1333:36)
    at initCommonsElements (https://static.smiler.com.br/hf/header.js?v=0.95.1743:1948:11)
    at init (https://static.smiler.com.br/hf/header.js?v=0.95.1743:2786:11)
    at <anonymous> (https://static.smiler.com.br/hf/header.js?v=0.95.1743:1903:46)
[  190634ms] Uncaught TypeError: Cannot read properties of null (reading 'querySelector')
    at smlsManageMenuOption (https://static.smiler.com.br/hf/header.js?v=0.95.1743:1333:36)
    at initCommonsElements (https://static.smiler.com.br/hf/header.js?v=0.95.1743:1948:11)
    at init (https://static.smiler.com.br/hf/header.js?v=0.95.1743:2786:11)
    at <anonymous> (https://static.smiler.com.br/hf/header.js?v=0.95.1743:1903:46)
[  192636ms] Uncaught TypeError: Cannot read properties of null (reading 'querySelector')
    at smlsManageMenuOption (https://static.smiler.com.br/hf/header.js?v=0.95.1743:1333:36)
    at initCommonsElements (https://static.smiler.com.br/hf/header.js?v=0.95.1743:1948:11)
    at init (https://static.smiler.com.br/hf/header.js?v=0.95.1743:2786:11)
    at <anonymous> (https://static.smiler.com.br/hf/header.js?v=0.95.1743:1903:46)
[  194638ms] Uncaught TypeError: Cannot read properties of null (reading 'querySelector')
    at smlsManageMenuOption (https://static.smiler.com.br/hf/header.js?v=0.95.1743:1333:36)
    at initCommonsElements (https://static.smiler.com.br/hf/header.js?v=0.95.1743:1948:11)
    at init (https://static.smiler.com.br/hf/header.js?v=0.95.1743:2786:11)
    at <anonymous> (https://static.smiler.com.br/hf/header.js?v=0.95.1743:1903:46)
[  196639ms] Uncaught TypeError: Cannot read properties of null (reading 'querySelector')
    at smlsManageMenuOption (https://static.smiler.com.br/hf/header.js?v=0.95.1743:1333:36)
    at initCommonsElements (https://static.smiler.com.br/hf/header.js?v=0.95.1743:1948:11)
    at init (https://static.smiler.com.br/hf/header.js?v=0.95.1743:2786:11)
    at <anonymous> (https://static.smiler.com.br/hf/header.js?v=0.95.1743:1903:46)
[  198642ms] Uncaught TypeError: Cannot read properties of null (reading 'querySelector')
    at smlsManageMenuOption (https://static.smiler.com.br/hf/header.js?v=0.95.1743:1333:36)
    at initCommonsElements (https://static.smiler.com.br/hf/header.js?v=0.95.1743:1948:11)
    at init (https://static.smiler.com.br/hf/header.js?v=0.95.1743:2786:11)
    at <anonymous> (https://static.smiler.com.br/hf/header.js?v=0.95.1743:1903:46)
[  200645ms] Uncaught TypeError: Cannot read properties of null (reading 'querySelector')
    at smlsManageMenuOption (https://static.smiler.com.br/hf/header.js?v=0.95.1743:1333:36)
    at initCommonsElements (https://static.smiler.com.br/hf/header.js?v=0.95.1743:1948:11)
    at init (https://static.smiler.com.br/hf/header.js?v=0.95.1743:2786:11)
    at <anonymous> (https://static.smiler.com.br/hf/header.js?v=0.95.1743:1903:46)
[  202646ms] Uncaught TypeError: Cannot read properties of null (reading 'querySelector')
    at smlsManageMenuOption (https://static.smiler.com.br/hf/header.js?v=0.95.1743:1333:36)
    at initCommonsElements (https://static.smiler.com.br/hf/header.js?v=0.95.1743:1948:11)
    at init (https://static.smiler.com.br/hf/header.js?v=0.95.1743:2786:11)
    at <anonymous> (https://static.smiler.com.br/hf/header.js?v=0.95.1743:1903:46)
[  204651ms] Uncaught TypeError: Cannot read properties of null (reading 'querySelector')
    at smlsManageMenuOption (https://static.smiler.com.br/hf/header.js?v=0.95.1743:1333:36)
    at initCommonsElements (https://static.smiler.com.br/hf/header.js?v=0.95.1743:1948:11)
    at init (https://static.smiler.com.br/hf/header.js?v=0.95.1743:2786:11)
    at <anonymous> (https://static.smiler.com.br/hf/header.js?v=0.95.1743:1903:46)
[  206651ms] Uncaught TypeError: Cannot read properties of null (reading 'querySelector')
    at smlsManageMenuOption (https://static.smiler.com.br/hf/header.js?v=0.95.1743:1333:36)
    at initCommonsElements (https://static.smiler.com.br/hf/header.js?v=0.95.1743:1948:11)
    at init (https://static.smiler.com.br/hf/header.js?v=0.95.1743:2786:11)
    at <anonymous> (https://static.smiler.com.br/hf/header.js?v=0.95.1743:1903:46)
[  208653ms] Uncaught TypeError: Cannot read properties of null (reading 'querySelector')
    at smlsManageMenuOption (https://static.smiler.com.br/hf/header.js?v=0.95.1743:1333:36)
    at initCommonsElements (https://static.smiler.com.br/hf/header.js?v=0.95.1743:1948:11)
    at init (https://static.smiler.com.br/hf/header.js?v=0.95.1743:2786:11)
    at <anonymous> (https://static.smiler.com.br/hf/header.js?v=0.95.1743:1903:46)
[  210654ms] Uncaught TypeError: Cannot read properties of null (reading 'querySelector')
    at smlsManageMenuOption (https://static.smiler.com.br/hf/header.js?v=0.95.1743:1333:36)
    at initCommonsElements (https://static.smiler.com.br/hf/header.js?v=0.95.1743:1948:11)
    at init (https://static.smiler.com.br/hf/header.js?v=0.95.1743:2786:11)
    at <anonymous> (https://static.smiler.com.br/hf/header.js?v=0.95.1743:1903:46)
[  212657ms] Uncaught TypeError: Cannot read properties of null (reading 'querySelector')
    at smlsManageMenuOption (https://static.smiler.com.br/hf/header.js?v=0.95.1743:1333:36)
    at initCommonsElements (https://static.smiler.com.br/hf/header.js?v=0.95.1743:1948:11)
    at init (https://static.smiler.com.br/hf/header.js?v=0.95.1743:2786:11)
    at <anonymous> (https://static.smiler.com.br/hf/header.js?v=0.95.1743:1903:46)
[  214661ms] Uncaught TypeError: Cannot read properties of null (reading 'querySelector')
    at smlsManageMenuOption (https://static.smiler.com.br/hf/header.js?v=0.95.1743:1333:36)
    at initCommonsElements (https://static.smiler.com.br/hf/header.js?v=0.95.1743:1948:11)
    at init (https://static.smiler.com.br/hf/header.js?v=0.95.1743:2786:11)
    at <anonymous> (https://static.smiler.com.br/hf/header.js?v=0.95.1743:1903:46)
[  216664ms] Uncaught TypeError: Cannot read properties of null (reading 'querySelector')
    at smlsManageMenuOption (https://static.smiler.com.br/hf/header.js?v=0.95.1743:1333:36)
    at initCommonsElements (https://static.smiler.com.br/hf/header.js?v=0.95.1743:1948:11)
    at init (https://static.smiler.com.br/hf/header.js?v=0.95.1743:2786:11)
    at <anonymous> (https://static.smiler.com.br/hf/header.js?v=0.95.1743:1903:46)
[  218664ms] Uncaught TypeError: Cannot read properties of null (reading 'querySelector')
    at smlsManageMenuOption (https://static.smiler.com.br/hf/header.js?v=0.95.1743:1333:36)
    at initCommonsElements (https://static.smiler.com.br/hf/header.js?v=0.95.1743:1948:11)
    at init (https://static.smiler.com.br/hf/header.js?v=0.95.1743:2786:11)
    at <anonymous> (https://static.smiler.com.br/hf/header.js?v=0.95.1743:1903:46)
[  220665ms] Uncaught TypeError: Cannot read properties of null (reading 'querySelector')
    at smlsManageMenuOption (https://static.smiler.com.br/hf/header.js?v=0.95.1743:1333:36)
    at initCommonsElements (https://static.smiler.com.br/hf/header.js?v=0.95.1743:1948:11)
    at init (https://static.smiler.com.br/hf/header.js?v=0.95.1743:2786:11)
    at <anonymous> (https://static.smiler.com.br/hf/header.js?v=0.95.1743:1903:46)
[  222668ms] Uncaught TypeError: Cannot read properties of null (reading 'querySelector')
    at smlsManageMenuOption (https://static.smiler.com.br/hf/header.js?v=0.95.1743:1333:36)
    at initCommonsElements (https://static.smiler.com.br/hf/header.js?v=0.95.1743:1948:11)
    at init (https://static.smiler.com.br/hf/header.js?v=0.95.1743:2786:11)
    at <anonymous> (https://static.smiler.com.br/hf/header.js?v=0.95.1743:1903:46)
[  224671ms] Uncaught TypeError: Cannot read properties of null (reading 'querySelector')
    at smlsManageMenuOption (https://static.smiler.com.br/hf/header.js?v=0.95.1743:1333:36)
    at initCommonsElements (https://static.smiler.com.br/hf/header.js?v=0.95.1743:1948:11)
    at init (https://static.smiler.com.br/hf/header.js?v=0.95.1743:2786:11)
    at <anonymous> (https://static.smiler.com.br/hf/header.js?v=0.95.1743:1903:46)
[  226670ms] Uncaught TypeError: Cannot read properties of null (reading 'querySelector')
    at smlsManageMenuOption (https://static.smiler.com.br/hf/header.js?v=0.95.1743:1333:36)
    at initCommonsElements (https://static.smiler.com.br/hf/header.js?v=0.95.1743:1948:11)
    at init (https://static.smiler.com.br/hf/header.js?v=0.95.1743:2786:11)
    at <anonymous> (https://static.smiler.com.br/hf/header.js?v=0.95.1743:1903:46)
[  228673ms] Uncaught TypeError: Cannot read properties of null (reading 'querySelector')
    at smlsManageMenuOption (https://static.smiler.com.br/hf/header.js?v=0.95.1743:1333:36)
    at initCommonsElements (https://static.smiler.com.br/hf/header.js?v=0.95.1743:1948:11)
    at init (https://static.smiler.com.br/hf/header.js?v=0.95.1743:2786:11)
    at <anonymous> (https://static.smiler.com.br/hf/header.js?v=0.95.1743:1903:46)
[  230674ms] Uncaught TypeError: Cannot read properties of null (reading 'querySelector')
    at smlsManageMenuOption (https://static.smiler.com.br/hf/header.js?v=0.95.1743:1333:36)
    at initCommonsElements (https://static.smiler.com.br/hf/header.js?v=0.95.1743:1948:11)
    at init (https://static.smiler.com.br/hf/header.js?v=0.95.1743:2786:11)
    at <anonymous> (https://static.smiler.com.br/hf/header.js?v=0.95.1743:1903:46)
[  232676ms] Uncaught TypeError: Cannot read properties of null (reading 'querySelector')
    at smlsManageMenuOption (https://static.smiler.com.br/hf/header.js?v=0.95.1743:1333:36)
    at initCommonsElements (https://static.smiler.com.br/hf/header.js?v=0.95.1743:1948:11)
    at init (https://static.smiler.com.br/hf/header.js?v=0.95.1743:2786:11)
    at <anonymous> (https://static.smiler.com.br/hf/header.js?v=0.95.1743:1903:46)
[  234679ms] Uncaught TypeError: Cannot read properties of null (reading 'querySelector')
    at smlsManageMenuOption (https://static.smiler.com.br/hf/header.js?v=0.95.1743:1333:36)
    at initCommonsElements (https://static.smiler.com.br/hf/header.js?v=0.95.1743:1948:11)
    at init (https://static.smiler.com.br/hf/header.js?v=0.95.1743:2786:11)
    at <anonymous> (https://static.smiler.com.br/hf/header.js?v=0.95.1743:1903:46)
[  236681ms] Uncaught TypeError: Cannot read properties of null (reading 'querySelector')
    at smlsManageMenuOption (https://static.smiler.com.br/hf/header.js?v=0.95.1743:1333:36)
    at initCommonsElements (https://static.smiler.com.br/hf/header.js?v=0.95.1743:1948:11)
    at init (https://static.smiler.com.br/hf/header.js?v=0.95.1743:2786:11)
    at <anonymous> (https://static.smiler.com.br/hf/header.js?v=0.95.1743:1903:46)
[  238683ms] Uncaught TypeError: Cannot read properties of null (reading 'querySelector')
    at smlsManageMenuOption (https://static.smiler.com.br/hf/header.js?v=0.95.1743:1333:36)
    at initCommonsElements (https://static.smiler.com.br/hf/header.js?v=0.95.1743:1948:11)
    at init (https://static.smiler.com.br/hf/header.js?v=0.95.1743:2786:11)
    at <anonymous> (https://static.smiler.com.br/hf/header.js?v=0.95.1743:1903:46)
[  240687ms] Uncaught TypeError: Cannot read properties of null (reading 'querySelector')
    at smlsManageMenuOption (https://static.smiler.com.br/hf/header.js?v=0.95.1743:1333:36)
    at initCommonsElements (https://static.smiler.com.br/hf/header.js?v=0.95.1743:1948:11)
    at init (https://static.smiler.com.br/hf/header.js?v=0.95.1743:2786:11)
    at <anonymous> (https://static.smiler.com.br/hf/header.js?v=0.95.1743:1903:46)
[  242692ms] Uncaught TypeError: Cannot read properties of null (reading 'querySelector')
    at smlsManageMenuOption (https://static.smiler.com.br/hf/header.js?v=0.95.1743:1333:36)
    at initCommonsElements (https://static.smiler.com.br/hf/header.js?v=0.95.1743:1948:11)
    at init (https://static.smiler.com.br/hf/header.js?v=0.95.1743:2786:11)
    at <anonymous> (https://static.smiler.com.br/hf/header.js?v=0.95.1743:1903:46)
[  244691ms] Uncaught TypeError: Cannot read properties of null (reading 'querySelector')
    at smlsManageMenuOption (https://static.smiler.com.br/hf/header.js?v=0.95.1743:1333:36)
    at initCommonsElements (https://static.smiler.com.br/hf/header.js?v=0.95.1743:1948:11)
    at init (https://static.smiler.com.br/hf/header.js?v=0.95.1743:2786:11)
    at <anonymous> (https://static.smiler.com.br/hf/header.js?v=0.95.1743:1903:46)
[  246693ms] Uncaught TypeError: Cannot read properties of null (reading 'querySelector')
    at smlsManageMenuOption (https://static.smiler.com.br/hf/header.js?v=0.95.1743:1333:36)
    at initCommonsElements (https://static.smiler.com.br/hf/header.js?v=0.95.1743:1948:11)
    at init (https://static.smiler.com.br/hf/header.js?v=0.95.1743:2786:11)
    at <anonymous> (https://static.smiler.com.br/hf/header.js?v=0.95.1743:1903:46)
[  248692ms] Uncaught TypeError: Cannot read properties of null (reading 'querySelector')
    at smlsManageMenuOption (https://static.smiler.com.br/hf/header.js?v=0.95.1743:1333:36)
    at initCommonsElements (https://static.smiler.com.br/hf/header.js?v=0.95.1743:1948:11)
    at init (https://static.smiler.com.br/hf/header.js?v=0.95.1743:2786:11)
    at <anonymous> (https://static.smiler.com.br/hf/header.js?v=0.95.1743:1903:46)
[  250694ms] Uncaught TypeError: Cannot read properties of null (reading 'querySelector')
    at smlsManageMenuOption (https://static.smiler.com.br/hf/header.js?v=0.95.1743:1333:36)
    at initCommonsElements (https://static.smiler.com.br/hf/header.js?v=0.95.1743:1948:11)
    at init (https://static.smiler.com.br/hf/header.js?v=0.95.1743:2786:11)
    at <anonymous> (https://static.smiler.com.br/hf/header.js?v=0.95.1743:1903:46)
[  252695ms] Uncaught TypeError: Cannot read properties of null (reading 'querySelector')
    at smlsManageMenuOption (https://static.smiler.com.br/hf/header.js?v=0.95.1743:1333:36)
    at initCommonsElements (https://static.smiler.com.br/hf/header.js?v=0.95.1743:1948:11)
    at init (https://static.smiler.com.br/hf/header.js?v=0.95.1743:2786:11)
    at <anonymous> (https://static.smiler.com.br/hf/header.js?v=0.95.1743:1903:46)
[  254701ms] Uncaught TypeError: Cannot read properties of null (reading 'querySelector')
    at smlsManageMenuOption (https://static.smiler.com.br/hf/header.js?v=0.95.1743:1333:36)
    at initCommonsElements (https://static.smiler.com.br/hf/header.js?v=0.95.1743:1948:11)
    at init (https://static.smiler.com.br/hf/header.js?v=0.95.1743:2786:11)
    at <anonymous> (https://static.smiler.com.br/hf/header.js?v=0.95.1743:1903:46)
[  256703ms] Uncaught TypeError: Cannot read properties of null (reading 'querySelector')
    at smlsManageMenuOption (https://static.smiler.com.br/hf/header.js?v=0.95.1743:1333:36)
    at initCommonsElements (https://static.smiler.com.br/hf/header.js?v=0.95.1743:1948:11)
    at init (https://static.smiler.com.br/hf/header.js?v=0.95.1743:2786:11)
    at <anonymous> (https://static.smiler.com.br/hf/header.js?v=0.95.1743:1903:46)
[  258704ms] Uncaught TypeError: Cannot read properties of null (reading 'querySelector')
    at smlsManageMenuOption (https://static.smiler.com.br/hf/header.js?v=0.95.1743:1333:36)
    at initCommonsElements (https://static.smiler.com.br/hf/header.js?v=0.95.1743:1948:11)
    at init (https://static.smiler.com.br/hf/header.js?v=0.95.1743:2786:11)
    at <anonymous> (https://static.smiler.com.br/hf/header.js?v=0.95.1743:1903:46)
[  260705ms] Uncaught TypeError: Cannot read properties of null (reading 'querySelector')
    at smlsManageMenuOption (https://static.smiler.com.br/hf/header.js?v=0.95.1743:1333:36)
    at initCommonsElements (https://static.smiler.com.br/hf/header.js?v=0.95.1743:1948:11)
    at init (https://static.smiler.com.br/hf/header.js?v=0.95.1743:2786:11)
    at <anonymous> (https://static.smiler.com.br/hf/header.js?v=0.95.1743:1903:46)
[  262708ms] Uncaught TypeError: Cannot read properties of null (reading 'querySelector')
    at smlsManageMenuOption (https://static.smiler.com.br/hf/header.js?v=0.95.1743:1333:36)
    at initCommonsElements (https://static.smiler.com.br/hf/header.js?v=0.95.1743:1948:11)
    at init (https://static.smiler.com.br/hf/header.js?v=0.95.1743:2786:11)
    at <anonymous> (https://static.smiler.com.br/hf/header.js?v=0.95.1743:1903:46)
[  264709ms] Uncaught TypeError: Cannot read properties of null (reading 'querySelector')
    at smlsManageMenuOption (https://static.smiler.com.br/hf/header.js?v=0.95.1743:1333:36)
    at initCommonsElements (https://static.smiler.com.br/hf/header.js?v=0.95.1743:1948:11)
    at init (https://static.smiler.com.br/hf/header.js?v=0.95.1743:2786:11)
    at <anonymous> (https://static.smiler.com.br/hf/header.js?v=0.95.1743:1903:46)
[  266719ms] Uncaught TypeError: Cannot read properties of null (reading 'querySelector')
    at smlsManageMenuOption (https://static.smiler.com.br/hf/header.js?v=0.95.1743:1333:36)
    at initCommonsElements (https://static.smiler.com.br/hf/header.js?v=0.95.1743:1948:11)
    at init (https://static.smiler.com.br/hf/header.js?v=0.95.1743:2786:11)
    at <anonymous> (https://static.smiler.com.br/hf/header.js?v=0.95.1743:1903:46)
[  268715ms] Uncaught TypeError: Cannot read properties of null (reading 'querySelector')
    at smlsManageMenuOption (https://static.smiler.com.br/hf/header.js?v=0.95.1743:1333:36)
    at initCommonsElements (https://static.smiler.com.br/hf/header.js?v=0.95.1743:1948:11)
    at init (https://static.smiler.com.br/hf/header.js?v=0.95.1743:2786:11)
    at <anonymous> (https://static.smiler.com.br/hf/header.js?v=0.95.1743:1903:46)
[  270717ms] Uncaught TypeError: Cannot read properties of null (reading 'querySelector')
    at smlsManageMenuOption (https://static.smiler.com.br/hf/header.js?v=0.95.1743:1333:36)
    at initCommonsElements (https://static.smiler.com.br/hf/header.js?v=0.95.1743:1948:11)
    at init (https://static.smiler.com.br/hf/header.js?v=0.95.1743:2786:11)
    at <anonymous> (https://static.smiler.com.br/hf/header.js?v=0.95.1743:1903:46)
[  272720ms] Uncaught TypeError: Cannot read properties of null (reading 'querySelector')
    at smlsManageMenuOption (https://static.smiler.com.br/hf/header.js?v=0.95.1743:1333:36)
    at initCommonsElements (https://static.smiler.com.br/hf/header.js?v=0.95.1743:1948:11)
    at init (https://static.smiler.com.br/hf/header.js?v=0.95.1743:2786:11)
    at <anonymous> (https://static.smiler.com.br/hf/header.js?v=0.95.1743:1903:46)
[  274722ms] Uncaught TypeError: Cannot read properties of null (reading 'querySelector')
    at smlsManageMenuOption (https://static.smiler.com.br/hf/header.js?v=0.95.1743:1333:36)
    at initCommonsElements (https://static.smiler.com.br/hf/header.js?v=0.95.1743:1948:11)
    at init (https://static.smiler.com.br/hf/header.js?v=0.95.1743:2786:11)
    at <anonymous> (https://static.smiler.com.br/hf/header.js?v=0.95.1743:1903:46)
[  276723ms] Uncaught TypeError: Cannot read properties of null (reading 'querySelector')
    at smlsManageMenuOption (https://static.smiler.com.br/hf/header.js?v=0.95.1743:1333:36)
    at initCommonsElements (https://static.smiler.com.br/hf/header.js?v=0.95.1743:1948:11)
    at init (https://static.smiler.com.br/hf/header.js?v=0.95.1743:2786:11)
    at <anonymous> (https://static.smiler.com.br/hf/header.js?v=0.95.1743:1903:46)
[  278725ms] Uncaught TypeError: Cannot read properties of null (reading 'querySelector')
    at smlsManageMenuOption (https://static.smiler.com.br/hf/header.js?v=0.95.1743:1333:36)
    at initCommonsElements (https://static.smiler.com.br/hf/header.js?v=0.95.1743:1948:11)
    at init (https://static.smiler.com.br/hf/header.js?v=0.95.1743:2786:11)
    at <anonymous> (https://static.smiler.com.br/hf/header.js?v=0.95.1743:1903:46)
[  280727ms] Uncaught TypeError: Cannot read properties of null (reading 'querySelector')
    at smlsManageMenuOption (https://static.smiler.com.br/hf/header.js?v=0.95.1743:1333:36)
    at initCommonsElements (https://static.smiler.com.br/hf/header.js?v=0.95.1743:1948:11)
    at init (https://static.smiler.com.br/hf/header.js?v=0.95.1743:2786:11)
    at <anonymous> (https://static.smiler.com.br/hf/header.js?v=0.95.1743:1903:46)
[  282728ms] Uncaught TypeError: Cannot read properties of null (reading 'querySelector')
    at smlsManageMenuOption (https://static.smiler.com.br/hf/header.js?v=0.95.1743:1333:36)
    at initCommonsElements (https://static.smiler.com.br/hf/header.js?v=0.95.1743:1948:11)
    at init (https://static.smiler.com.br/hf/header.js?v=0.95.1743:2786:11)
    at <anonymous> (https://static.smiler.com.br/hf/header.js?v=0.95.1743:1903:46)
[  284730ms] Uncaught TypeError: Cannot read properties of null (reading 'querySelector')
    at smlsManageMenuOption (https://static.smiler.com.br/hf/header.js?v=0.95.1743:1333:36)
    at initCommonsElements (https://static.smiler.com.br/hf/header.js?v=0.95.1743:1948:11)
    at init (https://static.smiler.com.br/hf/header.js?v=0.95.1743:2786:11)
    at <anonymous> (https://static.smiler.com.br/hf/header.js?v=0.95.1743:1903:46)
[  286731ms] Uncaught TypeError: Cannot read properties of null (reading 'querySelector')
    at smlsManageMenuOption (https://static.smiler.com.br/hf/header.js?v=0.95.1743:1333:36)
    at initCommonsElements (https://static.smiler.com.br/hf/header.js?v=0.95.1743:1948:11)
    at init (https://static.smiler.com.br/hf/header.js?v=0.95.1743:2786:11)
    at <anonymous> (https://static.smiler.com.br/hf/header.js?v=0.95.1743:1903:46)
[  288733ms] Uncaught TypeError: Cannot read properties of null (reading 'querySelector')
    at smlsManageMenuOption (https://static.smiler.com.br/hf/header.js?v=0.95.1743:1333:36)
    at initCommonsElements (https://static.smiler.com.br/hf/header.js?v=0.95.1743:1948:11)
    at init (https://static.smiler.com.br/hf/header.js?v=0.95.1743:2786:11)
    at <anonymous> (https://static.smiler.com.br/hf/header.js?v=0.95.1743:1903:46)
[  290736ms] Uncaught TypeError: Cannot read properties of null (reading 'querySelector')
    at smlsManageMenuOption (https://static.smiler.com.br/hf/header.js?v=0.95.1743:1333:36)
    at initCommonsElements (https://static.smiler.com.br/hf/header.js?v=0.95.1743:1948:11)
    at init (https://static.smiler.com.br/hf/header.js?v=0.95.1743:2786:11)
    at <anonymous> (https://static.smiler.com.br/hf/header.js?v=0.95.1743:1903:46)
[  292739ms] Uncaught TypeError: Cannot read properties of null (reading 'querySelector')
    at smlsManageMenuOption (https://static.smiler.com.br/hf/header.js?v=0.95.1743:1333:36)
    at initCommonsElements (https://static.smiler.com.br/hf/header.js?v=0.95.1743:1948:11)
    at init (https://static.smiler.com.br/hf/header.js?v=0.95.1743:2786:11)
    at <anonymous> (https://static.smiler.com.br/hf/header.js?v=0.95.1743:1903:46)
[  294739ms] Uncaught TypeError: Cannot read properties of null (reading 'querySelector')
    at smlsManageMenuOption (https://static.smiler.com.br/hf/header.js?v=0.95.1743:1333:36)
    at initCommonsElements (https://static.smiler.com.br/hf/header.js?v=0.95.1743:1948:11)
    at init (https://static.smiler.com.br/hf/header.js?v=0.95.1743:2786:11)
    at <anonymous> (https://static.smiler.com.br/hf/header.js?v=0.95.1743:1903:46)
[  296741ms] Uncaught TypeError: Cannot read properties of null (reading 'querySelector')
    at smlsManageMenuOption (https://static.smiler.com.br/hf/header.js?v=0.95.1743:1333:36)
    at initCommonsElements (https://static.smiler.com.br/hf/header.js?v=0.95.1743:1948:11)
    at init (https://static.smiler.com.br/hf/header.js?v=0.95.1743:2786:11)
    at <anonymous> (https://static.smiler.com.br/hf/header.js?v=0.95.1743:1903:46)
[  298744ms] Uncaught TypeError: Cannot read properties of null (reading 'querySelector')
    at smlsManageMenuOption (https://static.smiler.com.br/hf/header.js?v=0.95.1743:1333:36)
    at initCommonsElements (https://static.smiler.com.br/hf/header.js?v=0.95.1743:1948:11)
    at init (https://static.smiler.com.br/hf/header.js?v=0.95.1743:2786:11)
    at <anonymous> (https://static.smiler.com.br/hf/header.js?v=0.95.1743:1903:46)
[  300745ms] Uncaught TypeError: Cannot read properties of null (reading 'querySelector')
    at smlsManageMenuOption (https://static.smiler.com.br/hf/header.js?v=0.95.1743:1333:36)
    at initCommonsElements (https://static.smiler.com.br/hf/header.js?v=0.95.1743:1948:11)
    at init (https://static.smiler.com.br/hf/header.js?v=0.95.1743:2786:11)
    at <anonymous> (https://static.smiler.com.br/hf/header.js?v=0.95.1743:1903:46)
[  302748ms] Uncaught TypeError: Cannot read properties of null (reading 'querySelector')
    at smlsManageMenuOption (https://static.smiler.com.br/hf/header.js?v=0.95.1743:1333:36)
    at initCommonsElements (https://static.smiler.com.br/hf/header.js?v=0.95.1743:1948:11)
    at init (https://static.smiler.com.br/hf/header.js?v=0.95.1743:2786:11)
    at <anonymous> (https://static.smiler.com.br/hf/header.js?v=0.95.1743:1903:46)
[  304747ms] Uncaught TypeError: Cannot read properties of null (reading 'querySelector')
    at smlsManageMenuOption (https://static.smiler.com.br/hf/header.js?v=0.95.1743:1333:36)
    at initCommonsElements (https://static.smiler.com.br/hf/header.js?v=0.95.1743:1948:11)
    at init (https://static.smiler.com.br/hf/header.js?v=0.95.1743:2786:11)
    at <anonymous> (https://static.smiler.com.br/hf/header.js?v=0.95.1743:1903:46)
[  306749ms] Uncaught TypeError: Cannot read properties of null (reading 'querySelector')
    at smlsManageMenuOption (https://static.smiler.com.br/hf/header.js?v=0.95.1743:1333:36)
    at initCommonsElements (https://static.smiler.com.br/hf/header.js?v=0.95.1743:1948:11)
    at init (https://static.smiler.com.br/hf/header.js?v=0.95.1743:2786:11)
    at <anonymous> (https://static.smiler.com.br/hf/header.js?v=0.95.1743:1903:46)
[  308751ms] Uncaught TypeError: Cannot read properties of null (reading 'querySelector')
    at smlsManageMenuOption (https://static.smiler.com.br/hf/header.js?v=0.95.1743:1333:36)
    at initCommonsElements (https://static.smiler.com.br/hf/header.js?v=0.95.1743:1948:11)
    at init (https://static.smiler.com.br/hf/header.js?v=0.95.1743:2786:11)
    at <anonymous> (https://static.smiler.com.br/hf/header.js?v=0.95.1743:1903:46)
[  310752ms] Uncaught TypeError: Cannot read properties of null (reading 'querySelector')
    at smlsManageMenuOption (https://static.smiler.com.br/hf/header.js?v=0.95.1743:1333:36)
    at initCommonsElements (https://static.smiler.com.br/hf/header.js?v=0.95.1743:1948:11)
    at init (https://static.smiler.com.br/hf/header.js?v=0.95.1743:2786:11)
    at <anonymous> (https://static.smiler.com.br/hf/header.js?v=0.95.1743:1903:46)
[  312757ms] Uncaught TypeError: Cannot read properties of null (reading 'querySelector')
    at smlsManageMenuOption (https://static.smiler.com.br/hf/header.js?v=0.95.1743:1333:36)
    at initCommonsElements (https://static.smiler.com.br/hf/header.js?v=0.95.1743:1948:11)
    at init (https://static.smiler.com.br/hf/header.js?v=0.95.1743:2786:11)
    at <anonymous> (https://static.smiler.com.br/hf/header.js?v=0.95.1743:1903:46)
[  314756ms] Uncaught TypeError: Cannot read properties of null (reading 'querySelector')
    at smlsManageMenuOption (https://static.smiler.com.br/hf/header.js?v=0.95.1743:1333:36)
    at initCommonsElements (https://static.smiler.com.br/hf/header.js?v=0.95.1743:1948:11)
    at init (https://static.smiler.com.br/hf/header.js?v=0.95.1743:2786:11)
    at <anonymous> (https://static.smiler.com.br/hf/header.js?v=0.95.1743:1903:46)
[  316758ms] Uncaught TypeError: Cannot read properties of null (reading 'querySelector')
    at smlsManageMenuOption (https://static.smiler.com.br/hf/header.js?v=0.95.1743:1333:36)
    at initCommonsElements (https://static.smiler.com.br/hf/header.js?v=0.95.1743:1948:11)
    at init (https://static.smiler.com.br/hf/header.js?v=0.95.1743:2786:11)
    at <anonymous> (https://static.smiler.com.br/hf/header.js?v=0.95.1743:1903:46)
[  318761ms] Uncaught TypeError: Cannot read properties of null (reading 'querySelector')
    at smlsManageMenuOption (https://static.smiler.com.br/hf/header.js?v=0.95.1743:1333:36)
    at initCommonsElements (https://static.smiler.com.br/hf/header.js?v=0.95.1743:1948:11)
    at init (https://static.smiler.com.br/hf/header.js?v=0.95.1743:2786:11)
    at <anonymous> (https://static.smiler.com.br/hf/header.js?v=0.95.1743:1903:46)
[  320763ms] Uncaught TypeError: Cannot read properties of null (reading 'querySelector')
    at smlsManageMenuOption (https://static.smiler.com.br/hf/header.js?v=0.95.1743:1333:36)
    at initCommonsElements (https://static.smiler.com.br/hf/header.js?v=0.95.1743:1948:11)
    at init (https://static.smiler.com.br/hf/header.js?v=0.95.1743:2786:11)
    at <anonymous> (https://static.smiler.com.br/hf/header.js?v=0.95.1743:1903:46)
[  322765ms] Uncaught TypeError: Cannot read properties of null (reading 'querySelector')
    at smlsManageMenuOption (https://static.smiler.com.br/hf/header.js?v=0.95.1743:1333:36)
    at initCommonsElements (https://static.smiler.com.br/hf/header.js?v=0.95.1743:1948:11)
    at init (https://static.smiler.com.br/hf/header.js?v=0.95.1743:2786:11)
    at <anonymous> (https://static.smiler.com.br/hf/header.js?v=0.95.1743:1903:46)
[  324766ms] Uncaught TypeError: Cannot read properties of null (reading 'querySelector')
    at smlsManageMenuOption (https://static.smiler.com.br/hf/header.js?v=0.95.1743:1333:36)
    at initCommonsElements (https://static.smiler.com.br/hf/header.js?v=0.95.1743:1948:11)
    at init (https://static.smiler.com.br/hf/header.js?v=0.95.1743:2786:11)
    at <anonymous> (https://static.smiler.com.br/hf/header.js?v=0.95.1743:1903:46)
[  326775ms] Uncaught TypeError: Cannot read properties of null (reading 'querySelector')
    at smlsManageMenuOption (https://static.smiler.com.br/hf/header.js?v=0.95.1743:1333:36)
    at initCommonsElements (https://static.smiler.com.br/hf/header.js?v=0.95.1743:1948:11)
    at init (https://static.smiler.com.br/hf/header.js?v=0.95.1743:2786:11)
    at <anonymous> (https://static.smiler.com.br/hf/header.js?v=0.95.1743:1903:46)
[  328776ms] Uncaught TypeError: Cannot read properties of null (reading 'querySelector')
    at smlsManageMenuOption (https://static.smiler.com.br/hf/header.js?v=0.95.1743:1333:36)
    at initCommonsElements (https://static.smiler.com.br/hf/header.js?v=0.95.1743:1948:11)
    at init (https://static.smiler.com.br/hf/header.js?v=0.95.1743:2786:11)
    at <anonymous> (https://static.smiler.com.br/hf/header.js?v=0.95.1743:1903:46)
[  330360ms] [ERROR] Creating a worker from 'blob:https://www.smiles.com.br/ec073255-9f8d-487a-abd5-1f875b19496b' violates the following Content Security Policy directive: "script-src 'unsafe-inline' 'unsafe-eval' https: localhost:*". Note that 'worker-src' was not explicitly set, so 'script-src' is used as a fallback. The action has been blocked. @ https://www.smiles.com.br/_lx-MWATM/tNJsL-Y/Wgg4mB6/2Kcg/w0t9hfEcau/B1p4AQ/MAstMGhu/MVUPAg?v=e33b60b4-2206-52f2-711f-e1f32ad91730:0
[  330773ms] Uncaught TypeError: Cannot read properties of null (reading 'querySelector')
    at smlsManageMenuOption (https://static.smiler.com.br/hf/header.js?v=0.95.1743:1333:36)
    at initCommonsElements (https://static.smiler.com.br/hf/header.js?v=0.95.1743:1948:11)
    at init (https://static.smiler.com.br/hf/header.js?v=0.95.1743:2786:11)
    at <anonymous> (https://static.smiler.com.br/hf/header.js?v=0.95.1743:1903:46)
[  332775ms] Uncaught TypeError: Cannot read properties of null (reading 'querySelector')
    at smlsManageMenuOption (https://static.smiler.com.br/hf/header.js?v=0.95.1743:1333:36)
    at initCommonsElements (https://static.smiler.com.br/hf/header.js?v=0.95.1743:1948:11)
    at init (https://static.smiler.com.br/hf/header.js?v=0.95.1743:2786:11)
    at <anonymous> (https://static.smiler.com.br/hf/header.js?v=0.95.1743:1903:46)
[  334779ms] Uncaught TypeError: Cannot read properties of null (reading 'querySelector')
    at smlsManageMenuOption (https://static.smiler.com.br/hf/header.js?v=0.95.1743:1333:36)
    at initCommonsElements (https://static.smiler.com.br/hf/header.js?v=0.95.1743:1948:11)
    at init (https://static.smiler.com.br/hf/header.js?v=0.95.1743:2786:11)
    at <anonymous> (https://static.smiler.com.br/hf/header.js?v=0.95.1743:1903:46)
[  336780ms] Uncaught TypeError: Cannot read properties of null (reading 'querySelector')
    at smlsManageMenuOption (https://static.smiler.com.br/hf/header.js?v=0.95.1743:1333:36)
    at initCommonsElements (https://static.smiler.com.br/hf/header.js?v=0.95.1743:1948:11)
    at init (https://static.smiler.com.br/hf/header.js?v=0.95.1743:2786:11)
    at <anonymous> (https://static.smiler.com.br/hf/header.js?v=0.95.1743:1903:46)
[  338782ms] Uncaught TypeError: Cannot read properties of null (reading 'querySelector')
    at smlsManageMenuOption (https://static.smiler.com.br/hf/header.js?v=0.95.1743:1333:36)
    at initCommonsElements (https://static.smiler.com.br/hf/header.js?v=0.95.1743:1948:11)
    at init (https://static.smiler.com.br/hf/header.js?v=0.95.1743:2786:11)
    at <anonymous> (https://static.smiler.com.br/hf/header.js?v=0.95.1743:1903:46)
[  340784ms] Uncaught TypeError: Cannot read properties of null (reading 'querySelector')
    at smlsManageMenuOption (https://static.smiler.com.br/hf/header.js?v=0.95.1743:1333:36)
    at initCommonsElements (https://static.smiler.com.br/hf/header.js?v=0.95.1743:1948:11)
    at init (https://static.smiler.com.br/hf/header.js?v=0.95.1743:2786:11)
    at <anonymous> (https://static.smiler.com.br/hf/header.js?v=0.95.1743:1903:46)
[  342786ms] Uncaught TypeError: Cannot read properties of null (reading 'querySelector')
    at smlsManageMenuOption (https://static.smiler.com.br/hf/header.js?v=0.95.1743:1333:36)
    at initCommonsElements (https://static.smiler.com.br/hf/header.js?v=0.95.1743:1948:11)
    at init (https://static.smiler.com.br/hf/header.js?v=0.95.1743:2786:11)
    at <anonymous> (https://static.smiler.com.br/hf/header.js?v=0.95.1743:1903:46)
[  344788ms] Uncaught TypeError: Cannot read properties of null (reading 'querySelector')
    at smlsManageMenuOption (https://static.smiler.com.br/hf/header.js?v=0.95.1743:1333:36)
    at initCommonsElements (https://static.smiler.com.br/hf/header.js?v=0.95.1743:1948:11)
    at init (https://static.smiler.com.br/hf/header.js?v=0.95.1743:2786:11)
    at <anonymous> (https://static.smiler.com.br/hf/header.js?v=0.95.1743:1903:46)
[  346790ms] Uncaught TypeError: Cannot read properties of null (reading 'querySelector')
    at smlsManageMenuOption (https://static.smiler.com.br/hf/header.js?v=0.95.1743:1333:36)
    at initCommonsElements (https://static.smiler.com.br/hf/header.js?v=0.95.1743:1948:11)
    at init (https://static.smiler.com.br/hf/header.js?v=0.95.1743:2786:11)
    at <anonymous> (https://static.smiler.com.br/hf/header.js?v=0.95.1743:1903:46)
[  348796ms] Uncaught TypeError: Cannot read properties of null (reading 'querySelector')
    at smlsManageMenuOption (https://static.smiler.com.br/hf/header.js?v=0.95.1743:1333:36)
    at initCommonsElements (https://static.smiler.com.br/hf/header.js?v=0.95.1743:1948:11)
    at init (https://static.smiler.com.br/hf/header.js?v=0.95.1743:2786:11)
    at <anonymous> (https://static.smiler.com.br/hf/header.js?v=0.95.1743:1903:46)
[  350796ms] Uncaught TypeError: Cannot read properties of null (reading 'querySelector')
    at smlsManageMenuOption (https://static.smiler.com.br/hf/header.js?v=0.95.1743:1333:36)
    at initCommonsElements (https://static.smiler.com.br/hf/header.js?v=0.95.1743:1948:11)
    at init (https://static.smiler.com.br/hf/header.js?v=0.95.1743:2786:11)
    at <anonymous> (https://static.smiler.com.br/hf/header.js?v=0.95.1743:1903:46)
[  352798ms] Uncaught TypeError: Cannot read properties of null (reading 'querySelector')
    at smlsManageMenuOption (https://static.smiler.com.br/hf/header.js?v=0.95.1743:1333:36)
    at initCommonsElements (https://static.smiler.com.br/hf/header.js?v=0.95.1743:1948:11)
    at init (https://static.smiler.com.br/hf/header.js?v=0.95.1743:2786:11)
    at <anonymous> (https://static.smiler.com.br/hf/header.js?v=0.95.1743:1903:46)
[  354801ms] Uncaught TypeError: Cannot read properties of null (reading 'querySelector')
    at smlsManageMenuOption (https://static.smiler.com.br/hf/header.js?v=0.95.1743:1333:36)
    at initCommonsElements (https://static.smiler.com.br/hf/header.js?v=0.95.1743:1948:11)
    at init (https://static.smiler.com.br/hf/header.js?v=0.95.1743:2786:11)
    at <anonymous> (https://static.smiler.com.br/hf/header.js?v=0.95.1743:1903:46)
[  356804ms] Uncaught TypeError: Cannot read properties of null (reading 'querySelector')
    at smlsManageMenuOption (https://static.smiler.com.br/hf/header.js?v=0.95.1743:1333:36)
    at initCommonsElements (https://static.smiler.com.br/hf/header.js?v=0.95.1743:1948:11)
    at init (https://static.smiler.com.br/hf/header.js?v=0.95.1743:2786:11)
    at <anonymous> (https://static.smiler.com.br/hf/header.js?v=0.95.1743:1903:46)
[  358805ms] Uncaught TypeError: Cannot read properties of null (reading 'querySelector')
    at smlsManageMenuOption (https://static.smiler.com.br/hf/header.js?v=0.95.1743:1333:36)
    at initCommonsElements (https://static.smiler.com.br/hf/header.js?v=0.95.1743:1948:11)
    at init (https://static.smiler.com.br/hf/header.js?v=0.95.1743:2786:11)
    at <anonymous> (https://static.smiler.com.br/hf/header.js?v=0.95.1743:1903:46)
[  360815ms] Uncaught TypeError: Cannot read properties of null (reading 'querySelector')
    at smlsManageMenuOption (https://static.smiler.com.br/hf/header.js?v=0.95.1743:1333:36)
    at initCommonsElements (https://static.smiler.com.br/hf/header.js?v=0.95.1743:1948:11)
    at init (https://static.smiler.com.br/hf/header.js?v=0.95.1743:2786:11)
    at <anonymous> (https://static.smiler.com.br/hf/header.js?v=0.95.1743:1903:46)
[  362815ms] Uncaught TypeError: Cannot read properties of null (reading 'querySelector')
    at smlsManageMenuOption (https://static.smiler.com.br/hf/header.js?v=0.95.1743:1333:36)
    at initCommonsElements (https://static.smiler.com.br/hf/header.js?v=0.95.1743:1948:11)
    at init (https://static.smiler.com.br/hf/header.js?v=0.95.1743:2786:11)
    at <anonymous> (https://static.smiler.com.br/hf/header.js?v=0.95.1743:1903:46)
[  364814ms] Uncaught TypeError: Cannot read properties of null (reading 'querySelector')
    at smlsManageMenuOption (https://static.smiler.com.br/hf/header.js?v=0.95.1743:1333:36)
    at initCommonsElements (https://static.smiler.com.br/hf/header.js?v=0.95.1743:1948:11)
    at init (https://static.smiler.com.br/hf/header.js?v=0.95.1743:2786:11)
    at <anonymous> (https://static.smiler.com.br/hf/header.js?v=0.95.1743:1903:46)
[  366817ms] Uncaught TypeError: Cannot read properties of null (reading 'querySelector')
    at smlsManageMenuOption (https://static.smiler.com.br/hf/header.js?v=0.95.1743:1333:36)
    at initCommonsElements (https://static.smiler.com.br/hf/header.js?v=0.95.1743:1948:11)
    at init (https://static.smiler.com.br/hf/header.js?v=0.95.1743:2786:11)
    at <anonymous> (https://static.smiler.com.br/hf/header.js?v=0.95.1743:1903:46)
[  368818ms] Uncaught TypeError: Cannot read properties of null (reading 'querySelector')
    at smlsManageMenuOption (https://static.smiler.com.br/hf/header.js?v=0.95.1743:1333:36)
    at initCommonsElements (https://static.smiler.com.br/hf/header.js?v=0.95.1743:1948:11)
    at init (https://static.smiler.com.br/hf/header.js?v=0.95.1743:2786:11)
    at <anonymous> (https://static.smiler.com.br/hf/header.js?v=0.95.1743:1903:46)
[  370820ms] Uncaught TypeError: Cannot read properties of null (reading 'querySelector')
    at smlsManageMenuOption (https://static.smiler.com.br/hf/header.js?v=0.95.1743:1333:36)
    at initCommonsElements (https://static.smiler.com.br/hf/header.js?v=0.95.1743:1948:11)
    at init (https://static.smiler.com.br/hf/header.js?v=0.95.1743:2786:11)
    at <anonymous> (https://static.smiler.com.br/hf/header.js?v=0.95.1743:1903:46)
[  372823ms] Uncaught TypeError: Cannot read properties of null (reading 'querySelector')
    at smlsManageMenuOption (https://static.smiler.com.br/hf/header.js?v=0.95.1743:1333:36)
    at initCommonsElements (https://static.smiler.com.br/hf/header.js?v=0.95.1743:1948:11)
    at init (https://static.smiler.com.br/hf/header.js?v=0.95.1743:2786:11)
    at <anonymous> (https://static.smiler.com.br/hf/header.js?v=0.95.1743:1903:46)
[  374827ms] Uncaught TypeError: Cannot read properties of null (reading 'querySelector')
    at smlsManageMenuOption (https://static.smiler.com.br/hf/header.js?v=0.95.1743:1333:36)
    at initCommonsElements (https://static.smiler.com.br/hf/header.js?v=0.95.1743:1948:11)
    at init (https://static.smiler.com.br/hf/header.js?v=0.95.1743:2786:11)
    at <anonymous> (https://static.smiler.com.br/hf/header.js?v=0.95.1743:1903:46)
[  376829ms] Uncaught TypeError: Cannot read properties of null (reading 'querySelector')
    at smlsManageMenuOption (https://static.smiler.com.br/hf/header.js?v=0.95.1743:1333:36)
    at initCommonsElements (https://static.smiler.com.br/hf/header.js?v=0.95.1743:1948:11)
    at init (https://static.smiler.com.br/hf/header.js?v=0.95.1743:2786:11)
    at <anonymous> (https://static.smiler.com.br/hf/header.js?v=0.95.1743:1903:46)
[  378831ms] Uncaught TypeError: Cannot read properties of null (reading 'querySelector')
    at smlsManageMenuOption (https://static.smiler.com.br/hf/header.js?v=0.95.1743:1333:36)
    at initCommonsElements (https://static.smiler.com.br/hf/header.js?v=0.95.1743:1948:11)
    at init (https://static.smiler.com.br/hf/header.js?v=0.95.1743:2786:11)
    at <anonymous> (https://static.smiler.com.br/hf/header.js?v=0.95.1743:1903:46)
[  380834ms] Uncaught TypeError: Cannot read properties of null (reading 'querySelector')
    at smlsManageMenuOption (https://static.smiler.com.br/hf/header.js?v=0.95.1743:1333:36)
    at initCommonsElements (https://static.smiler.com.br/hf/header.js?v=0.95.1743:1948:11)
    at init (https://static.smiler.com.br/hf/header.js?v=0.95.1743:2786:11)
    at <anonymous> (https://static.smiler.com.br/hf/header.js?v=0.95.1743:1903:46)
[  382838ms] Uncaught TypeError: Cannot read properties of null (reading 'querySelector')
    at smlsManageMenuOption (https://static.smiler.com.br/hf/header.js?v=0.95.1743:1333:36)
    at initCommonsElements (https://static.smiler.com.br/hf/header.js?v=0.95.1743:1948:11)
    at init (https://static.smiler.com.br/hf/header.js?v=0.95.1743:2786:11)
    at <anonymous> (https://static.smiler.com.br/hf/header.js?v=0.95.1743:1903:46)
[  384838ms] Uncaught TypeError: Cannot read properties of null (reading 'querySelector')
    at smlsManageMenuOption (https://static.smiler.com.br/hf/header.js?v=0.95.1743:1333:36)
    at initCommonsElements (https://static.smiler.com.br/hf/header.js?v=0.95.1743:1948:11)
    at init (https://static.smiler.com.br/hf/header.js?v=0.95.1743:2786:11)
    at <anonymous> (https://static.smiler.com.br/hf/header.js?v=0.95.1743:1903:46)
[  386841ms] Uncaught TypeError: Cannot read properties of null (reading 'querySelector')
    at smlsManageMenuOption (https://static.smiler.com.br/hf/header.js?v=0.95.1743:1333:36)
    at initCommonsElements (https://static.smiler.com.br/hf/header.js?v=0.95.1743:1948:11)
    at init (https://static.smiler.com.br/hf/header.js?v=0.95.1743:2786:11)
    at <anonymous> (https://static.smiler.com.br/hf/header.js?v=0.95.1743:1903:46)
[  388843ms] Uncaught TypeError: Cannot read properties of null (reading 'querySelector')
    at smlsManageMenuOption (https://static.smiler.com.br/hf/header.js?v=0.95.1743:1333:36)
    at initCommonsElements (https://static.smiler.com.br/hf/header.js?v=0.95.1743:1948:11)
    at init (https://static.smiler.com.br/hf/header.js?v=0.95.1743:2786:11)
    at <anonymous> (https://static.smiler.com.br/hf/header.js?v=0.95.1743:1903:46)
[  390846ms] Uncaught TypeError: Cannot read properties of null (reading 'querySelector')
    at smlsManageMenuOption (https://static.smiler.com.br/hf/header.js?v=0.95.1743:1333:36)
    at initCommonsElements (https://static.smiler.com.br/hf/header.js?v=0.95.1743:1948:11)
    at init (https://static.smiler.com.br/hf/header.js?v=0.95.1743:2786:11)
    at <anonymous> (https://static.smiler.com.br/hf/header.js?v=0.95.1743:1903:46)
[  392850ms] Uncaught TypeError: Cannot read properties of null (reading 'querySelector')
    at smlsManageMenuOption (https://static.smiler.com.br/hf/header.js?v=0.95.1743:1333:36)
    at initCommonsElements (https://static.smiler.com.br/hf/header.js?v=0.95.1743:1948:11)
    at init (https://static.smiler.com.br/hf/header.js?v=0.95.1743:2786:11)
    at <anonymous> (https://static.smiler.com.br/hf/header.js?v=0.95.1743:1903:46)
[  394850ms] Uncaught TypeError: Cannot read properties of null (reading 'querySelector')
    at smlsManageMenuOption (https://static.smiler.com.br/hf/header.js?v=0.95.1743:1333:36)
    at initCommonsElements (https://static.smiler.com.br/hf/header.js?v=0.95.1743:1948:11)
    at init (https://static.smiler.com.br/hf/header.js?v=0.95.1743:2786:11)
    at <anonymous> (https://static.smiler.com.br/hf/header.js?v=0.95.1743:1903:46)
[  396854ms] Uncaught TypeError: Cannot read properties of null (reading 'querySelector')
    at smlsManageMenuOption (https://static.smiler.com.br/hf/header.js?v=0.95.1743:1333:36)
    at initCommonsElements (https://static.smiler.com.br/hf/header.js?v=0.95.1743:1948:11)
    at init (https://static.smiler.com.br/hf/header.js?v=0.95.1743:2786:11)
    at <anonymous> (https://static.smiler.com.br/hf/header.js?v=0.95.1743:1903:46)
[  398856ms] Uncaught TypeError: Cannot read properties of null (reading 'querySelector')
    at smlsManageMenuOption (https://static.smiler.com.br/hf/header.js?v=0.95.1743:1333:36)
    at initCommonsElements (https://static.smiler.com.br/hf/header.js?v=0.95.1743:1948:11)
    at init (https://static.smiler.com.br/hf/header.js?v=0.95.1743:2786:11)
    at <anonymous> (https://static.smiler.com.br/hf/header.js?v=0.95.1743:1903:46)
[  400854ms] Uncaught TypeError: Cannot read properties of null (reading 'querySelector')
    at smlsManageMenuOption (https://static.smiler.com.br/hf/header.js?v=0.95.1743:1333:36)
    at initCommonsElements (https://static.smiler.com.br/hf/header.js?v=0.95.1743:1948:11)
    at init (https://static.smiler.com.br/hf/header.js?v=0.95.1743:2786:11)
    at <anonymous> (https://static.smiler.com.br/hf/header.js?v=0.95.1743:1903:46)
[  402857ms] Uncaught TypeError: Cannot read properties of null (reading 'querySelector')
    at smlsManageMenuOption (https://static.smiler.com.br/hf/header.js?v=0.95.1743:1333:36)
    at initCommonsElements (https://static.smiler.com.br/hf/header.js?v=0.95.1743:1948:11)
    at init (https://static.smiler.com.br/hf/header.js?v=0.95.1743:2786:11)
    at <anonymous> (https://static.smiler.com.br/hf/header.js?v=0.95.1743:1903:46)
[  404858ms] Uncaught TypeError: Cannot read properties of null (reading 'querySelector')
    at smlsManageMenuOption (https://static.smiler.com.br/hf/header.js?v=0.95.1743:1333:36)
    at initCommonsElements (https://static.smiler.com.br/hf/header.js?v=0.95.1743:1948:11)
    at init (https://static.smiler.com.br/hf/header.js?v=0.95.1743:2786:11)
    at <anonymous> (https://static.smiler.com.br/hf/header.js?v=0.95.1743:1903:46)
[  406860ms] Uncaught TypeError: Cannot read properties of null (reading 'querySelector')
    at smlsManageMenuOption (https://static.smiler.com.br/hf/header.js?v=0.95.1743:1333:36)
    at initCommonsElements (https://static.smiler.com.br/hf/header.js?v=0.95.1743:1948:11)
    at init (https://static.smiler.com.br/hf/header.js?v=0.95.1743:2786:11)
    at <anonymous> (https://static.smiler.com.br/hf/header.js?v=0.95.1743:1903:46)
[  408861ms] Uncaught TypeError: Cannot read properties of null (reading 'querySelector')
    at smlsManageMenuOption (https://static.smiler.com.br/hf/header.js?v=0.95.1743:1333:36)
    at initCommonsElements (https://static.smiler.com.br/hf/header.js?v=0.95.1743:1948:11)
    at init (https://static.smiler.com.br/hf/header.js?v=0.95.1743:2786:11)
    at <anonymous> (https://static.smiler.com.br/hf/header.js?v=0.95.1743:1903:46)
[  410865ms] Uncaught TypeError: Cannot read properties of null (reading 'querySelector')
    at smlsManageMenuOption (https://static.smiler.com.br/hf/header.js?v=0.95.1743:1333:36)
    at initCommonsElements (https://static.smiler.com.br/hf/header.js?v=0.95.1743:1948:11)
    at init (https://static.smiler.com.br/hf/header.js?v=0.95.1743:2786:11)
    at <anonymous> (https://static.smiler.com.br/hf/header.js?v=0.95.1743:1903:46)
[  412863ms] Uncaught TypeError: Cannot read properties of null (reading 'querySelector')
    at smlsManageMenuOption (https://static.smiler.com.br/hf/header.js?v=0.95.1743:1333:36)
    at initCommonsElements (https://static.smiler.com.br/hf/header.js?v=0.95.1743:1948:11)
    at init (https://static.smiler.com.br/hf/header.js?v=0.95.1743:2786:11)
    at <anonymous> (https://static.smiler.com.br/hf/header.js?v=0.95.1743:1903:46)
[  414864ms] Uncaught TypeError: Cannot read properties of null (reading 'querySelector')
    at smlsManageMenuOption (https://static.smiler.com.br/hf/header.js?v=0.95.1743:1333:36)
    at initCommonsElements (https://static.smiler.com.br/hf/header.js?v=0.95.1743:1948:11)
    at init (https://static.smiler.com.br/hf/header.js?v=0.95.1743:2786:11)
    at <anonymous> (https://static.smiler.com.br/hf/header.js?v=0.95.1743:1903:46)
[  416866ms] Uncaught TypeError: Cannot read properties of null (reading 'querySelector')
    at smlsManageMenuOption (https://static.smiler.com.br/hf/header.js?v=0.95.1743:1333:36)
    at initCommonsElements (https://static.smiler.com.br/hf/header.js?v=0.95.1743:1948:11)
    at init (https://static.smiler.com.br/hf/header.js?v=0.95.1743:2786:11)
    at <anonymous> (https://static.smiler.com.br/hf/header.js?v=0.95.1743:1903:46)
[  418868ms] Uncaught TypeError: Cannot read properties of null (reading 'querySelector')
    at smlsManageMenuOption (https://static.smiler.com.br/hf/header.js?v=0.95.1743:1333:36)
    at initCommonsElements (https://static.smiler.com.br/hf/header.js?v=0.95.1743:1948:11)
    at init (https://static.smiler.com.br/hf/header.js?v=0.95.1743:2786:11)
    at <anonymous> (https://static.smiler.com.br/hf/header.js?v=0.95.1743:1903:46)
[  420869ms] Uncaught TypeError: Cannot read properties of null (reading 'querySelector')
    at smlsManageMenuOption (https://static.smiler.com.br/hf/header.js?v=0.95.1743:1333:36)
    at initCommonsElements (https://static.smiler.com.br/hf/header.js?v=0.95.1743:1948:11)
    at init (https://static.smiler.com.br/hf/header.js?v=0.95.1743:2786:11)
    at <anonymous> (https://static.smiler.com.br/hf/header.js?v=0.95.1743:1903:46)
[  422870ms] Uncaught TypeError: Cannot read properties of null (reading 'querySelector')
    at smlsManageMenuOption (https://static.smiler.com.br/hf/header.js?v=0.95.1743:1333:36)
    at initCommonsElements (https://static.smiler.com.br/hf/header.js?v=0.95.1743:1948:11)
    at init (https://static.smiler.com.br/hf/header.js?v=0.95.1743:2786:11)
    at <anonymous> (https://static.smiler.com.br/hf/header.js?v=0.95.1743:1903:46)
[  424873ms] Uncaught TypeError: Cannot read properties of null (reading 'querySelector')
    at smlsManageMenuOption (https://static.smiler.com.br/hf/header.js?v=0.95.1743:1333:36)
    at initCommonsElements (https://static.smiler.com.br/hf/header.js?v=0.95.1743:1948:11)
    at init (https://static.smiler.com.br/hf/header.js?v=0.95.1743:2786:11)
    at <anonymous> (https://static.smiler.com.br/hf/header.js?v=0.95.1743:1903:46)
[  426875ms] Uncaught TypeError: Cannot read properties of null (reading 'querySelector')
    at smlsManageMenuOption (https://static.smiler.com.br/hf/header.js?v=0.95.1743:1333:36)
    at initCommonsElements (https://static.smiler.com.br/hf/header.js?v=0.95.1743:1948:11)
    at init (https://static.smiler.com.br/hf/header.js?v=0.95.1743:2786:11)
    at <anonymous> (https://static.smiler.com.br/hf/header.js?v=0.95.1743:1903:46)
[  428878ms] Uncaught TypeError: Cannot read properties of null (reading 'querySelector')
    at smlsManageMenuOption (https://static.smiler.com.br/hf/header.js?v=0.95.1743:1333:36)
    at initCommonsElements (https://static.smiler.com.br/hf/header.js?v=0.95.1743:1948:11)
    at init (https://static.smiler.com.br/hf/header.js?v=0.95.1743:2786:11)
    at <anonymous> (https://static.smiler.com.br/hf/header.js?v=0.95.1743:1903:46)
[  430879ms] Uncaught TypeError: Cannot read properties of null (reading 'querySelector')
    at smlsManageMenuOption (https://static.smiler.com.br/hf/header.js?v=0.95.1743:1333:36)
    at initCommonsElements (https://static.smiler.com.br/hf/header.js?v=0.95.1743:1948:11)
    at init (https://static.smiler.com.br/hf/header.js?v=0.95.1743:2786:11)
    at <anonymous> (https://static.smiler.com.br/hf/header.js?v=0.95.1743:1903:46)
[  432881ms] Uncaught TypeError: Cannot read properties of null (reading 'querySelector')
    at smlsManageMenuOption (https://static.smiler.com.br/hf/header.js?v=0.95.1743:1333:36)
    at initCommonsElements (https://static.smiler.com.br/hf/header.js?v=0.95.1743:1948:11)
    at init (https://static.smiler.com.br/hf/header.js?v=0.95.1743:2786:11)
    at <anonymous> (https://static.smiler.com.br/hf/header.js?v=0.95.1743:1903:46)
[  434883ms] Uncaught TypeError: Cannot read properties of null (reading 'querySelector')
    at smlsManageMenuOption (https://static.smiler.com.br/hf/header.js?v=0.95.1743:1333:36)
    at initCommonsElements (https://static.smiler.com.br/hf/header.js?v=0.95.1743:1948:11)
    at init (https://static.smiler.com.br/hf/header.js?v=0.95.1743:2786:11)
    at <anonymous> (https://static.smiler.com.br/hf/header.js?v=0.95.1743:1903:46)
[  436884ms] Uncaught TypeError: Cannot read properties of null (reading 'querySelector')
    at smlsManageMenuOption (https://static.smiler.com.br/hf/header.js?v=0.95.1743:1333:36)
    at initCommonsElements (https://static.smiler.com.br/hf/header.js?v=0.95.1743:1948:11)
    at init (https://static.smiler.com.br/hf/header.js?v=0.95.1743:2786:11)
    at <anonymous> (https://static.smiler.com.br/hf/header.js?v=0.95.1743:1903:46)
[  438888ms] Uncaught TypeError: Cannot read properties of null (reading 'querySelector')
    at smlsManageMenuOption (https://static.smiler.com.br/hf/header.js?v=0.95.1743:1333:36)
    at initCommonsElements (https://static.smiler.com.br/hf/header.js?v=0.95.1743:1948:11)
    at init (https://static.smiler.com.br/hf/header.js?v=0.95.1743:2786:11)
    at <anonymous> (https://static.smiler.com.br/hf/header.js?v=0.95.1743:1903:46)
[  440889ms] Uncaught TypeError: Cannot read properties of null (reading 'querySelector')
    at smlsManageMenuOption (https://static.smiler.com.br/hf/header.js?v=0.95.1743:1333:36)
    at initCommonsElements (https://static.smiler.com.br/hf/header.js?v=0.95.1743:1948:11)
    at init (https://static.smiler.com.br/hf/header.js?v=0.95.1743:2786:11)
    at <anonymous> (https://static.smiler.com.br/hf/header.js?v=0.95.1743:1903:46)
[  442891ms] Uncaught TypeError: Cannot read properties of null (reading 'querySelector')
    at smlsManageMenuOption (https://static.smiler.com.br/hf/header.js?v=0.95.1743:1333:36)
    at initCommonsElements (https://static.smiler.com.br/hf/header.js?v=0.95.1743:1948:11)
    at init (https://static.smiler.com.br/hf/header.js?v=0.95.1743:2786:11)
    at <anonymous> (https://static.smiler.com.br/hf/header.js?v=0.95.1743:1903:46)
[  444895ms] Uncaught TypeError: Cannot read properties of null (reading 'querySelector')
    at smlsManageMenuOption (https://static.smiler.com.br/hf/header.js?v=0.95.1743:1333:36)
    at initCommonsElements (https://static.smiler.com.br/hf/header.js?v=0.95.1743:1948:11)
    at init (https://static.smiler.com.br/hf/header.js?v=0.95.1743:2786:11)
    at <anonymous> (https://static.smiler.com.br/hf/header.js?v=0.95.1743:1903:46)
[  446895ms] Uncaught TypeError: Cannot read properties of null (reading 'querySelector')
    at smlsManageMenuOption (https://static.smiler.com.br/hf/header.js?v=0.95.1743:1333:36)
    at initCommonsElements (https://static.smiler.com.br/hf/header.js?v=0.95.1743:1948:11)
    at init (https://static.smiler.com.br/hf/header.js?v=0.95.1743:2786:11)
    at <anonymous> (https://static.smiler.com.br/hf/header.js?v=0.95.1743:1903:46)
[  448903ms] Uncaught TypeError: Cannot read properties of null (reading 'querySelector')
    at smlsManageMenuOption (https://static.smiler.com.br/hf/header.js?v=0.95.1743:1333:36)
    at initCommonsElements (https://static.smiler.com.br/hf/header.js?v=0.95.1743:1948:11)
    at init (https://static.smiler.com.br/hf/header.js?v=0.95.1743:2786:11)
    at <anonymous> (https://static.smiler.com.br/hf/header.js?v=0.95.1743:1903:46)
[  450901ms] Uncaught TypeError: Cannot read properties of null (reading 'querySelector')
    at smlsManageMenuOption (https://static.smiler.com.br/hf/header.js?v=0.95.1743:1333:36)
    at initCommonsElements (https://static.smiler.com.br/hf/header.js?v=0.95.1743:1948:11)
    at init (https://static.smiler.com.br/hf/header.js?v=0.95.1743:2786:11)
    at <anonymous> (https://static.smiler.com.br/hf/header.js?v=0.95.1743:1903:46)
[  452903ms] Uncaught TypeError: Cannot read properties of null (reading 'querySelector')
    at smlsManageMenuOption (https://static.smiler.com.br/hf/header.js?v=0.95.1743:1333:36)
    at initCommonsElements (https://static.smiler.com.br/hf/header.js?v=0.95.1743:1948:11)
    at init (https://static.smiler.com.br/hf/header.js?v=0.95.1743:2786:11)
    at <anonymous> (https://static.smiler.com.br/hf/header.js?v=0.95.1743:1903:46)
[  454905ms] Uncaught TypeError: Cannot read properties of null (reading 'querySelector')
    at smlsManageMenuOption (https://static.smiler.com.br/hf/header.js?v=0.95.1743:1333:36)
    at initCommonsElements (https://static.smiler.com.br/hf/header.js?v=0.95.1743:1948:11)
    at init (https://static.smiler.com.br/hf/header.js?v=0.95.1743:2786:11)
    at <anonymous> (https://static.smiler.com.br/hf/header.js?v=0.95.1743:1903:46)
[  456906ms] Uncaught TypeError: Cannot read properties of null (reading 'querySelector')
    at smlsManageMenuOption (https://static.smiler.com.br/hf/header.js?v=0.95.1743:1333:36)
    at initCommonsElements (https://static.smiler.com.br/hf/header.js?v=0.95.1743:1948:11)
    at init (https://static.smiler.com.br/hf/header.js?v=0.95.1743:2786:11)
    at <anonymous> (https://static.smiler.com.br/hf/header.js?v=0.95.1743:1903:46)
[  458910ms] Uncaught TypeError: Cannot read properties of null (reading 'querySelector')
    at smlsManageMenuOption (https://static.smiler.com.br/hf/header.js?v=0.95.1743:1333:36)
    at initCommonsElements (https://static.smiler.com.br/hf/header.js?v=0.95.1743:1948:11)
    at init (https://static.smiler.com.br/hf/header.js?v=0.95.1743:2786:11)
    at <anonymous> (https://static.smiler.com.br/hf/header.js?v=0.95.1743:1903:46)
[  460916ms] Uncaught TypeError: Cannot read properties of null (reading 'querySelector')
    at smlsManageMenuOption (https://static.smiler.com.br/hf/header.js?v=0.95.1743:1333:36)
    at initCommonsElements (https://static.smiler.com.br/hf/header.js?v=0.95.1743:1948:11)
    at init (https://static.smiler.com.br/hf/header.js?v=0.95.1743:2786:11)
    at <anonymous> (https://static.smiler.com.br/hf/header.js?v=0.95.1743:1903:46)
[  462916ms] Uncaught TypeError: Cannot read properties of null (reading 'querySelector')
    at smlsManageMenuOption (https://static.smiler.com.br/hf/header.js?v=0.95.1743:1333:36)
    at initCommonsElements (https://static.smiler.com.br/hf/header.js?v=0.95.1743:1948:11)
    at init (https://static.smiler.com.br/hf/header.js?v=0.95.1743:2786:11)
    at <anonymous> (https://static.smiler.com.br/hf/header.js?v=0.95.1743:1903:46)
[  464917ms] Uncaught TypeError: Cannot read properties of null (reading 'querySelector')
    at smlsManageMenuOption (https://static.smiler.com.br/hf/header.js?v=0.95.1743:1333:36)
    at initCommonsElements (https://static.smiler.com.br/hf/header.js?v=0.95.1743:1948:11)
    at init (https://static.smiler.com.br/hf/header.js?v=0.95.1743:2786:11)
    at <anonymous> (https://static.smiler.com.br/hf/header.js?v=0.95.1743:1903:46)
[  466918ms] Uncaught TypeError: Cannot read properties of null (reading 'querySelector')
    at smlsManageMenuOption (https://static.smiler.com.br/hf/header.js?v=0.95.1743:1333:36)
    at initCommonsElements (https://static.smiler.com.br/hf/header.js?v=0.95.1743:1948:11)
    at init (https://static.smiler.com.br/hf/header.js?v=0.95.1743:2786:11)
    at <anonymous> (https://static.smiler.com.br/hf/header.js?v=0.95.1743:1903:46)
[  468921ms] Uncaught TypeError: Cannot read properties of null (reading 'querySelector')
    at smlsManageMenuOption (https://static.smiler.com.br/hf/header.js?v=0.95.1743:1333:36)
    at initCommonsElements (https://static.smiler.com.br/hf/header.js?v=0.95.1743:1948:11)
    at init (https://static.smiler.com.br/hf/header.js?v=0.95.1743:2786:11)
    at <anonymous> (https://static.smiler.com.br/hf/header.js?v=0.95.1743:1903:46)
[  470923ms] Uncaught TypeError: Cannot read properties of null (reading 'querySelector')
    at smlsManageMenuOption (https://static.smiler.com.br/hf/header.js?v=0.95.1743:1333:36)
    at initCommonsElements (https://static.smiler.com.br/hf/header.js?v=0.95.1743:1948:11)
    at init (https://static.smiler.com.br/hf/header.js?v=0.95.1743:2786:11)
    at <anonymous> (https://static.smiler.com.br/hf/header.js?v=0.95.1743:1903:46)
[  472924ms] Uncaught TypeError: Cannot read properties of null (reading 'querySelector')
    at smlsManageMenuOption (https://static.smiler.com.br/hf/header.js?v=0.95.1743:1333:36)
    at initCommonsElements (https://static.smiler.com.br/hf/header.js?v=0.95.1743:1948:11)
    at init (https://static.smiler.com.br/hf/header.js?v=0.95.1743:2786:11)
    at <anonymous> (https://static.smiler.com.br/hf/header.js?v=0.95.1743:1903:46)
[  474931ms] Uncaught TypeError: Cannot read properties of null (reading 'querySelector')
    at smlsManageMenuOption (https://static.smiler.com.br/hf/header.js?v=0.95.1743:1333:36)
    at initCommonsElements (https://static.smiler.com.br/hf/header.js?v=0.95.1743:1948:11)
    at init (https://static.smiler.com.br/hf/header.js?v=0.95.1743:2786:11)
    at <anonymous> (https://static.smiler.com.br/hf/header.js?v=0.95.1743:1903:46)
[  476928ms] Uncaught TypeError: Cannot read properties of null (reading 'querySelector')
    at smlsManageMenuOption (https://static.smiler.com.br/hf/header.js?v=0.95.1743:1333:36)
    at initCommonsElements (https://static.smiler.com.br/hf/header.js?v=0.95.1743:1948:11)
    at init (https://static.smiler.com.br/hf/header.js?v=0.95.1743:2786:11)
    at <anonymous> (https://static.smiler.com.br/hf/header.js?v=0.95.1743:1903:46)
[  478932ms] Uncaught TypeError: Cannot read properties of null (reading 'querySelector')
    at smlsManageMenuOption (https://static.smiler.com.br/hf/header.js?v=0.95.1743:1333:36)
    at initCommonsElements (https://static.smiler.com.br/hf/header.js?v=0.95.1743:1948:11)
    at init (https://static.smiler.com.br/hf/header.js?v=0.95.1743:2786:11)
    at <anonymous> (https://static.smiler.com.br/hf/header.js?v=0.95.1743:1903:46)
[  480934ms] Uncaught TypeError: Cannot read properties of null (reading 'querySelector')
    at smlsManageMenuOption (https://static.smiler.com.br/hf/header.js?v=0.95.1743:1333:36)
    at initCommonsElements (https://static.smiler.com.br/hf/header.js?v=0.95.1743:1948:11)
    at init (https://static.smiler.com.br/hf/header.js?v=0.95.1743:2786:11)
    at <anonymous> (https://static.smiler.com.br/hf/header.js?v=0.95.1743:1903:46)
[  482935ms] Uncaught TypeError: Cannot read properties of null (reading 'querySelector')
    at smlsManageMenuOption (https://static.smiler.com.br/hf/header.js?v=0.95.1743:1333:36)
    at initCommonsElements (https://static.smiler.com.br/hf/header.js?v=0.95.1743:1948:11)
    at init (https://static.smiler.com.br/hf/header.js?v=0.95.1743:2786:11)
    at <anonymous> (https://static.smiler.com.br/hf/header.js?v=0.95.1743:1903:46)
[  484939ms] Uncaught TypeError: Cannot read properties of null (reading 'querySelector')
    at smlsManageMenuOption (https://static.smiler.com.br/hf/header.js?v=0.95.1743:1333:36)
    at initCommonsElements (https://static.smiler.com.br/hf/header.js?v=0.95.1743:1948:11)
    at init (https://static.smiler.com.br/hf/header.js?v=0.95.1743:2786:11)
    at <anonymous> (https://static.smiler.com.br/hf/header.js?v=0.95.1743:1903:46)
[  486941ms] Uncaught TypeError: Cannot read properties of null (reading 'querySelector')
    at smlsManageMenuOption (https://static.smiler.com.br/hf/header.js?v=0.95.1743:1333:36)
    at initCommonsElements (https://static.smiler.com.br/hf/header.js?v=0.95.1743:1948:11)
    at init (https://static.smiler.com.br/hf/header.js?v=0.95.1743:2786:11)
    at <anonymous> (https://static.smiler.com.br/hf/header.js?v=0.95.1743:1903:46)
[  488947ms] Uncaught TypeError: Cannot read properties of null (reading 'querySelector')
    at smlsManageMenuOption (https://static.smiler.com.br/hf/header.js?v=0.95.1743:1333:36)
    at initCommonsElements (https://static.smiler.com.br/hf/header.js?v=0.95.1743:1948:11)
    at init (https://static.smiler.com.br/hf/header.js?v=0.95.1743:2786:11)
    at <anonymous> (https://static.smiler.com.br/hf/header.js?v=0.95.1743:1903:46)
[  490946ms] Uncaught TypeError: Cannot read properties of null (reading 'querySelector')
    at smlsManageMenuOption (https://static.smiler.com.br/hf/header.js?v=0.95.1743:1333:36)
    at initCommonsElements (https://static.smiler.com.br/hf/header.js?v=0.95.1743:1948:11)
    at init (https://static.smiler.com.br/hf/header.js?v=0.95.1743:2786:11)
    at <anonymous> (https://static.smiler.com.br/hf/header.js?v=0.95.1743:1903:46)
[  492949ms] Uncaught TypeError: Cannot read properties of null (reading 'querySelector')
    at smlsManageMenuOption (https://static.smiler.com.br/hf/header.js?v=0.95.1743:1333:36)
    at initCommonsElements (https://static.smiler.com.br/hf/header.js?v=0.95.1743:1948:11)
    at init (https://static.smiler.com.br/hf/header.js?v=0.95.1743:2786:11)
    at <anonymous> (https://static.smiler.com.br/hf/header.js?v=0.95.1743:1903:46)
[  494951ms] Uncaught TypeError: Cannot read properties of null (reading 'querySelector')
    at smlsManageMenuOption (https://static.smiler.com.br/hf/header.js?v=0.95.1743:1333:36)
    at initCommonsElements (https://static.smiler.com.br/hf/header.js?v=0.95.1743:1948:11)
    at init (https://static.smiler.com.br/hf/header.js?v=0.95.1743:2786:11)
    at <anonymous> (https://static.smiler.com.br/hf/header.js?v=0.95.1743:1903:46)
[  496953ms] Uncaught TypeError: Cannot read properties of null (reading 'querySelector')
    at smlsManageMenuOption (https://static.smiler.com.br/hf/header.js?v=0.95.1743:1333:36)
    at initCommonsElements (https://static.smiler.com.br/hf/header.js?v=0.95.1743:1948:11)
    at init (https://static.smiler.com.br/hf/header.js?v=0.95.1743:2786:11)
    at <anonymous> (https://static.smiler.com.br/hf/header.js?v=0.95.1743:1903:46)
[  498956ms] Uncaught TypeError: Cannot read properties of null (reading 'querySelector')
    at smlsManageMenuOption (https://static.smiler.com.br/hf/header.js?v=0.95.1743:1333:36)
    at initCommonsElements (https://static.smiler.com.br/hf/header.js?v=0.95.1743:1948:11)
    at init (https://static.smiler.com.br/hf/header.js?v=0.95.1743:2786:11)
    at <anonymous> (https://static.smiler.com.br/hf/header.js?v=0.95.1743:1903:46)
[  500964ms] Uncaught TypeError: Cannot read properties of null (reading 'querySelector')
    at smlsManageMenuOption (https://static.smiler.com.br/hf/header.js?v=0.95.1743:1333:36)
    at initCommonsElements (https://static.smiler.com.br/hf/header.js?v=0.95.1743:1948:11)
    at init (https://static.smiler.com.br/hf/header.js?v=0.95.1743:2786:11)
    at <anonymous> (https://static.smiler.com.br/hf/header.js?v=0.95.1743:1903:46)
[  502962ms] Uncaught TypeError: Cannot read properties of null (reading 'querySelector')
    at smlsManageMenuOption (https://static.smiler.com.br/hf/header.js?v=0.95.1743:1333:36)
    at initCommonsElements (https://static.smiler.com.br/hf/header.js?v=0.95.1743:1948:11)
    at init (https://static.smiler.com.br/hf/header.js?v=0.95.1743:2786:11)
    at <anonymous> (https://static.smiler.com.br/hf/header.js?v=0.95.1743:1903:46)
[  504966ms] Uncaught TypeError: Cannot read properties of null (reading 'querySelector')
    at smlsManageMenuOption (https://static.smiler.com.br/hf/header.js?v=0.95.1743:1333:36)
    at initCommonsElements (https://static.smiler.com.br/hf/header.js?v=0.95.1743:1948:11)
    at init (https://static.smiler.com.br/hf/header.js?v=0.95.1743:2786:11)
    at <anonymous> (https://static.smiler.com.br/hf/header.js?v=0.95.1743:1903:46)
[  506966ms] Uncaught TypeError: Cannot read properties of null (reading 'querySelector')
    at smlsManageMenuOption (https://static.smiler.com.br/hf/header.js?v=0.95.1743:1333:36)
    at initCommonsElements (https://static.smiler.com.br/hf/header.js?v=0.95.1743:1948:11)
    at init (https://static.smiler.com.br/hf/header.js?v=0.95.1743:2786:11)
    at <anonymous> (https://static.smiler.com.br/hf/header.js?v=0.95.1743:1903:46)
[  508971ms] Uncaught TypeError: Cannot read properties of null (reading 'querySelector')
    at smlsManageMenuOption (https://static.smiler.com.br/hf/header.js?v=0.95.1743:1333:36)
    at initCommonsElements (https://static.smiler.com.br/hf/header.js?v=0.95.1743:1948:11)
    at init (https://static.smiler.com.br/hf/header.js?v=0.95.1743:2786:11)
    at <anonymous> (https://static.smiler.com.br/hf/header.js?v=0.95.1743:1903:46)
[  510971ms] Uncaught TypeError: Cannot read properties of null (reading 'querySelector')
    at smlsManageMenuOption (https://static.smiler.com.br/hf/header.js?v=0.95.1743:1333:36)
    at initCommonsElements (https://static.smiler.com.br/hf/header.js?v=0.95.1743:1948:11)
    at init (https://static.smiler.com.br/hf/header.js?v=0.95.1743:2786:11)
    at <anonymous> (https://static.smiler.com.br/hf/header.js?v=0.95.1743:1903:46)
[  512975ms] Uncaught TypeError: Cannot read properties of null (reading 'querySelector')
    at smlsManageMenuOption (https://static.smiler.com.br/hf/header.js?v=0.95.1743:1333:36)
    at initCommonsElements (https://static.smiler.com.br/hf/header.js?v=0.95.1743:1948:11)
    at init (https://static.smiler.com.br/hf/header.js?v=0.95.1743:2786:11)
    at <anonymous> (https://static.smiler.com.br/hf/header.js?v=0.95.1743:1903:46)
[  514983ms] Uncaught TypeError: Cannot read properties of null (reading 'querySelector')
    at smlsManageMenuOption (https://static.smiler.com.br/hf/header.js?v=0.95.1743:1333:36)
    at initCommonsElements (https://static.smiler.com.br/hf/header.js?v=0.95.1743:1948:11)
    at init (https://static.smiler.com.br/hf/header.js?v=0.95.1743:2786:11)
    at <anonymous> (https://static.smiler.com.br/hf/header.js?v=0.95.1743:1903:46)
[  516980ms] Uncaught TypeError: Cannot read properties of null (reading 'querySelector')
    at smlsManageMenuOption (https://static.smiler.com.br/hf/header.js?v=0.95.1743:1333:36)
    at initCommonsElements (https://static.smiler.com.br/hf/header.js?v=0.95.1743:1948:11)
    at init (https://static.smiler.com.br/hf/header.js?v=0.95.1743:2786:11)
    at <anonymous> (https://static.smiler.com.br/hf/header.js?v=0.95.1743:1903:46)
[  518981ms] Uncaught TypeError: Cannot read properties of null (reading 'querySelector')
    at smlsManageMenuOption (https://static.smiler.com.br/hf/header.js?v=0.95.1743:1333:36)
    at initCommonsElements (https://static.smiler.com.br/hf/header.js?v=0.95.1743:1948:11)
    at init (https://static.smiler.com.br/hf/header.js?v=0.95.1743:2786:11)
    at <anonymous> (https://static.smiler.com.br/hf/header.js?v=0.95.1743:1903:46)
[  520984ms] Uncaught TypeError: Cannot read properties of null (reading 'querySelector')
    at smlsManageMenuOption (https://static.smiler.com.br/hf/header.js?v=0.95.1743:1333:36)
    at initCommonsElements (https://static.smiler.com.br/hf/header.js?v=0.95.1743:1948:11)
    at init (https://static.smiler.com.br/hf/header.js?v=0.95.1743:2786:11)
    at <anonymous> (https://static.smiler.com.br/hf/header.js?v=0.95.1743:1903:46)
[  522987ms] Uncaught TypeError: Cannot read properties of null (reading 'querySelector')
    at smlsManageMenuOption (https://static.smiler.com.br/hf/header.js?v=0.95.1743:1333:36)
    at initCommonsElements (https://static.smiler.com.br/hf/header.js?v=0.95.1743:1948:11)
    at init (https://static.smiler.com.br/hf/header.js?v=0.95.1743:2786:11)
    at <anonymous> (https://static.smiler.com.br/hf/header.js?v=0.95.1743:1903:46)
[  524988ms] Uncaught TypeError: Cannot read properties of null (reading 'querySelector')
    at smlsManageMenuOption (https://static.smiler.com.br/hf/header.js?v=0.95.1743:1333:36)
    at initCommonsElements (https://static.smiler.com.br/hf/header.js?v=0.95.1743:1948:11)
    at init (https://static.smiler.com.br/hf/header.js?v=0.95.1743:2786:11)
    at <anonymous> (https://static.smiler.com.br/hf/header.js?v=0.95.1743:1903:46)
[  526996ms] Uncaught TypeError: Cannot read properties of null (reading 'querySelector')
    at smlsManageMenuOption (https://static.smiler.com.br/hf/header.js?v=0.95.1743:1333:36)
    at initCommonsElements (https://static.smiler.com.br/hf/header.js?v=0.95.1743:1948:11)
    at init (https://static.smiler.com.br/hf/header.js?v=0.95.1743:2786:11)
    at <anonymous> (https://static.smiler.com.br/hf/header.js?v=0.95.1743:1903:46)
[  528996ms] Uncaught TypeError: Cannot read properties of null (reading 'querySelector')
    at smlsManageMenuOption (https://static.smiler.com.br/hf/header.js?v=0.95.1743:1333:36)
    at initCommonsElements (https://static.smiler.com.br/hf/header.js?v=0.95.1743:1948:11)
    at init (https://static.smiler.com.br/hf/header.js?v=0.95.1743:2786:11)
    at <anonymous> (https://static.smiler.com.br/hf/header.js?v=0.95.1743:1903:46)
[  530996ms] Uncaught TypeError: Cannot read properties of null (reading 'querySelector')
    at smlsManageMenuOption (https://static.smiler.com.br/hf/header.js?v=0.95.1743:1333:36)
    at initCommonsElements (https://static.smiler.com.br/hf/header.js?v=0.95.1743:1948:11)
    at init (https://static.smiler.com.br/hf/header.js?v=0.95.1743:2786:11)
    at <anonymous> (https://static.smiler.com.br/hf/header.js?v=0.95.1743:1903:46)
[  532999ms] Uncaught TypeError: Cannot read properties of null (reading 'querySelector')
    at smlsManageMenuOption (https://static.smiler.com.br/hf/header.js?v=0.95.1743:1333:36)
    at initCommonsElements (https://static.smiler.com.br/hf/header.js?v=0.95.1743:1948:11)
    at init (https://static.smiler.com.br/hf/header.js?v=0.95.1743:2786:11)
    at <anonymous> (https://static.smiler.com.br/hf/header.js?v=0.95.1743:1903:46)
[  535002ms] Uncaught TypeError: Cannot read properties of null (reading 'querySelector')
    at smlsManageMenuOption (https://static.smiler.com.br/hf/header.js?v=0.95.1743:1333:36)
    at initCommonsElements (https://static.smiler.com.br/hf/header.js?v=0.95.1743:1948:11)
    at init (https://static.smiler.com.br/hf/header.js?v=0.95.1743:2786:11)
    at <anonymous> (https://static.smiler.com.br/hf/header.js?v=0.95.1743:1903:46)
[  537005ms] Uncaught TypeError: Cannot read properties of null (reading 'querySelector')
    at smlsManageMenuOption (https://static.smiler.com.br/hf/header.js?v=0.95.1743:1333:36)
    at initCommonsElements (https://static.smiler.com.br/hf/header.js?v=0.95.1743:1948:11)
    at init (https://static.smiler.com.br/hf/header.js?v=0.95.1743:2786:11)
    at <anonymous> (https://static.smiler.com.br/hf/header.js?v=0.95.1743:1903:46)
[  539006ms] Uncaught TypeError: Cannot read properties of null (reading 'querySelector')
    at smlsManageMenuOption (https://static.smiler.com.br/hf/header.js?v=0.95.1743:1333:36)
    at initCommonsElements (https://static.smiler.com.br/hf/header.js?v=0.95.1743:1948:11)
    at init (https://static.smiler.com.br/hf/header.js?v=0.95.1743:2786:11)
    at <anonymous> (https://static.smiler.com.br/hf/header.js?v=0.95.1743:1903:46)
[  541007ms] Uncaught TypeError: Cannot read properties of null (reading 'querySelector')
    at smlsManageMenuOption (https://static.smiler.com.br/hf/header.js?v=0.95.1743:1333:36)
    at initCommonsElements (https://static.smiler.com.br/hf/header.js?v=0.95.1743:1948:11)
    at init (https://static.smiler.com.br/hf/header.js?v=0.95.1743:2786:11)
    at <anonymous> (https://static.smiler.com.br/hf/header.js?v=0.95.1743:1903:46)
[  543010ms] Uncaught TypeError: Cannot read properties of null (reading 'querySelector')
    at smlsManageMenuOption (https://static.smiler.com.br/hf/header.js?v=0.95.1743:1333:36)
    at initCommonsElements (https://static.smiler.com.br/hf/header.js?v=0.95.1743:1948:11)
    at init (https://static.smiler.com.br/hf/header.js?v=0.95.1743:2786:11)
    at <anonymous> (https://static.smiler.com.br/hf/header.js?v=0.95.1743:1903:46)
[  545012ms] Uncaught TypeError: Cannot read properties of null (reading 'querySelector')
    at smlsManageMenuOption (https://static.smiler.com.br/hf/header.js?v=0.95.1743:1333:36)
    at initCommonsElements (https://static.smiler.com.br/hf/header.js?v=0.95.1743:1948:11)
    at init (https://static.smiler.com.br/hf/header.js?v=0.95.1743:2786:11)
    at <anonymous> (https://static.smiler.com.br/hf/header.js?v=0.95.1743:1903:46)
[  547013ms] Uncaught TypeError: Cannot read properties of null (reading 'querySelector')
    at smlsManageMenuOption (https://static.smiler.com.br/hf/header.js?v=0.95.1743:1333:36)
    at initCommonsElements (https://static.smiler.com.br/hf/header.js?v=0.95.1743:1948:11)
    at init (https://static.smiler.com.br/hf/header.js?v=0.95.1743:2786:11)
    at <anonymous> (https://static.smiler.com.br/hf/header.js?v=0.95.1743:1903:46)
[  549017ms] Uncaught TypeError: Cannot read properties of null (reading 'querySelector')
    at smlsManageMenuOption (https://static.smiler.com.br/hf/header.js?v=0.95.1743:1333:36)
    at initCommonsElements (https://static.smiler.com.br/hf/header.js?v=0.95.1743:1948:11)
    at init (https://static.smiler.com.br/hf/header.js?v=0.95.1743:2786:11)
    at <anonymous> (https://static.smiler.com.br/hf/header.js?v=0.95.1743:1903:46)
[  551021ms] Uncaught TypeError: Cannot read properties of null (reading 'querySelector')
    at smlsManageMenuOption (https://static.smiler.com.br/hf/header.js?v=0.95.1743:1333:36)
    at initCommonsElements (https://static.smiler.com.br/hf/header.js?v=0.95.1743:1948:11)
    at init (https://static.smiler.com.br/hf/header.js?v=0.95.1743:2786:11)
    at <anonymous> (https://static.smiler.com.br/hf/header.js?v=0.95.1743:1903:46)
[  553018ms] Uncaught TypeError: Cannot read properties of null (reading 'querySelector')
    at smlsManageMenuOption (https://static.smiler.com.br/hf/header.js?v=0.95.1743:1333:36)
    at initCommonsElements (https://static.smiler.com.br/hf/header.js?v=0.95.1743:1948:11)
    at init (https://static.smiler.com.br/hf/header.js?v=0.95.1743:2786:11)
    at <anonymous> (https://static.smiler.com.br/hf/header.js?v=0.95.1743:1903:46)
[  555020ms] Uncaught TypeError: Cannot read properties of null (reading 'querySelector')
    at smlsManageMenuOption (https://static.smiler.com.br/hf/header.js?v=0.95.1743:1333:36)
    at initCommonsElements (https://static.smiler.com.br/hf/header.js?v=0.95.1743:1948:11)
    at init (https://static.smiler.com.br/hf/header.js?v=0.95.1743:2786:11)
    at <anonymous> (https://static.smiler.com.br/hf/header.js?v=0.95.1743:1903:46)
[  557026ms] Uncaught TypeError: Cannot read properties of null (reading 'querySelector')
    at smlsManageMenuOption (https://static.smiler.com.br/hf/header.js?v=0.95.1743:1333:36)
    at initCommonsElements (https://static.smiler.com.br/hf/header.js?v=0.95.1743:1948:11)
    at init (https://static.smiler.com.br/hf/header.js?v=0.95.1743:2786:11)
    at <anonymous> (https://static.smiler.com.br/hf/header.js?v=0.95.1743:1903:46)
[  559027ms] Uncaught TypeError: Cannot read properties of null (reading 'querySelector')
    at smlsManageMenuOption (https://static.smiler.com.br/hf/header.js?v=0.95.1743:1333:36)
    at initCommonsElements (https://static.smiler.com.br/hf/header.js?v=0.95.1743:1948:11)
    at init (https://static.smiler.com.br/hf/header.js?v=0.95.1743:2786:11)
    at <anonymous> (https://static.smiler.com.br/hf/header.js?v=0.95.1743:1903:46)
[  561030ms] Uncaught TypeError: Cannot read properties of null (reading 'querySelector')
    at smlsManageMenuOption (https://static.smiler.com.br/hf/header.js?v=0.95.1743:1333:36)
    at initCommonsElements (https://static.smiler.com.br/hf/header.js?v=0.95.1743:1948:11)
    at init (https://static.smiler.com.br/hf/header.js?v=0.95.1743:2786:11)
    at <anonymous> (https://static.smiler.com.br/hf/header.js?v=0.95.1743:1903:46)
[  563032ms] Uncaught TypeError: Cannot read properties of null (reading 'querySelector')
    at smlsManageMenuOption (https://static.smiler.com.br/hf/header.js?v=0.95.1743:1333:36)
    at initCommonsElements (https://static.smiler.com.br/hf/header.js?v=0.95.1743:1948:11)
    at init (https://static.smiler.com.br/hf/header.js?v=0.95.1743:2786:11)
    at <anonymous> (https://static.smiler.com.br/hf/header.js?v=0.95.1743:1903:46)
[  565038ms] Uncaught TypeError: Cannot read properties of null (reading 'querySelector')
    at smlsManageMenuOption (https://static.smiler.com.br/hf/header.js?v=0.95.1743:1333:36)
    at initCommonsElements (https://static.smiler.com.br/hf/header.js?v=0.95.1743:1948:11)
    at init (https://static.smiler.com.br/hf/header.js?v=0.95.1743:2786:11)
    at <anonymous> (https://static.smiler.com.br/hf/header.js?v=0.95.1743:1903:46)
[  567036ms] Uncaught TypeError: Cannot read properties of null (reading 'querySelector')
    at smlsManageMenuOption (https://static.smiler.com.br/hf/header.js?v=0.95.1743:1333:36)
    at initCommonsElements (https://static.smiler.com.br/hf/header.js?v=0.95.1743:1948:11)
    at init (https://static.smiler.com.br/hf/header.js?v=0.95.1743:2786:11)
    at <anonymous> (https://static.smiler.com.br/hf/header.js?v=0.95.1743:1903:46)
[  569036ms] Uncaught TypeError: Cannot read properties of null (reading 'querySelector')
    at smlsManageMenuOption (https://static.smiler.com.br/hf/header.js?v=0.95.1743:1333:36)
    at initCommonsElements (https://static.smiler.com.br/hf/header.js?v=0.95.1743:1948:11)
    at init (https://static.smiler.com.br/hf/header.js?v=0.95.1743:2786:11)
    at <anonymous> (https://static.smiler.com.br/hf/header.js?v=0.95.1743:1903:46)
[  571040ms] Uncaught TypeError: Cannot read properties of null (reading 'querySelector')
    at smlsManageMenuOption (https://static.smiler.com.br/hf/header.js?v=0.95.1743:1333:36)
    at initCommonsElements (https://static.smiler.com.br/hf/header.js?v=0.95.1743:1948:11)
    at init (https://static.smiler.com.br/hf/header.js?v=0.95.1743:2786:11)
    at <anonymous> (https://static.smiler.com.br/hf/header.js?v=0.95.1743:1903:46)
[  573042ms] Uncaught TypeError: Cannot read properties of null (reading 'querySelector')
    at smlsManageMenuOption (https://static.smiler.com.br/hf/header.js?v=0.95.1743:1333:36)
    at initCommonsElements (https://static.smiler.com.br/hf/header.js?v=0.95.1743:1948:11)
    at init (https://static.smiler.com.br/hf/header.js?v=0.95.1743:2786:11)
    at <anonymous> (https://static.smiler.com.br/hf/header.js?v=0.95.1743:1903:46)
[  575045ms] Uncaught TypeError: Cannot read properties of null (reading 'querySelector')
    at smlsManageMenuOption (https://static.smiler.com.br/hf/header.js?v=0.95.1743:1333:36)
    at initCommonsElements (https://static.smiler.com.br/hf/header.js?v=0.95.1743:1948:11)
    at init (https://static.smiler.com.br/hf/header.js?v=0.95.1743:2786:11)
    at <anonymous> (https://static.smiler.com.br/hf/header.js?v=0.95.1743:1903:46)
[  577050ms] Uncaught TypeError: Cannot read properties of null (reading 'querySelector')
    at smlsManageMenuOption (https://static.smiler.com.br/hf/header.js?v=0.95.1743:1333:36)
    at initCommonsElements (https://static.smiler.com.br/hf/header.js?v=0.95.1743:1948:11)
    at init (https://static.smiler.com.br/hf/header.js?v=0.95.1743:2786:11)
    at <anonymous> (https://static.smiler.com.br/hf/header.js?v=0.95.1743:1903:46)
[  579049ms] Uncaught TypeError: Cannot read properties of null (reading 'querySelector')
    at smlsManageMenuOption (https://static.smiler.com.br/hf/header.js?v=0.95.1743:1333:36)
    at initCommonsElements (https://static.smiler.com.br/hf/header.js?v=0.95.1743:1948:11)
    at init (https://static.smiler.com.br/hf/header.js?v=0.95.1743:2786:11)
    at <anonymous> (https://static.smiler.com.br/hf/header.js?v=0.95.1743:1903:46)
[  581052ms] Uncaught TypeError: Cannot read properties of null (reading 'querySelector')
    at smlsManageMenuOption (https://static.smiler.com.br/hf/header.js?v=0.95.1743:1333:36)
    at initCommonsElements (https://static.smiler.com.br/hf/header.js?v=0.95.1743:1948:11)
    at init (https://static.smiler.com.br/hf/header.js?v=0.95.1743:2786:11)
    at <anonymous> (https://static.smiler.com.br/hf/header.js?v=0.95.1743:1903:46)
[  583054ms] Uncaught TypeError: Cannot read properties of null (reading 'querySelector')
    at smlsManageMenuOption (https://static.smiler.com.br/hf/header.js?v=0.95.1743:1333:36)
    at initCommonsElements (https://static.smiler.com.br/hf/header.js?v=0.95.1743:1948:11)
    at init (https://static.smiler.com.br/hf/header.js?v=0.95.1743:2786:11)
    at <anonymous> (https://static.smiler.com.br/hf/header.js?v=0.95.1743:1903:46)
[  585055ms] Uncaught TypeError: Cannot read properties of null (reading 'querySelector')
    at smlsManageMenuOption (https://static.smiler.com.br/hf/header.js?v=0.95.1743:1333:36)
    at initCommonsElements (https://static.smiler.com.br/hf/header.js?v=0.95.1743:1948:11)
    at init (https://static.smiler.com.br/hf/header.js?v=0.95.1743:2786:11)
    at <anonymous> (https://static.smiler.com.br/hf/header.js?v=0.95.1743:1903:46)
[  587057ms] Uncaught TypeError: Cannot read properties of null (reading 'querySelector')
    at smlsManageMenuOption (https://static.smiler.com.br/hf/header.js?v=0.95.1743:1333:36)
    at initCommonsElements (https://static.smiler.com.br/hf/header.js?v=0.95.1743:1948:11)
    at init (https://static.smiler.com.br/hf/header.js?v=0.95.1743:2786:11)
    at <anonymous> (https://static.smiler.com.br/hf/header.js?v=0.95.1743:1903:46)
[  589060ms] Uncaught TypeError: Cannot read properties of null (reading 'querySelector')
    at smlsManageMenuOption (https://static.smiler.com.br/hf/header.js?v=0.95.1743:1333:36)
    at initCommonsElements (https://static.smiler.com.br/hf/header.js?v=0.95.1743:1948:11)
    at init (https://static.smiler.com.br/hf/header.js?v=0.95.1743:2786:11)
    at <anonymous> (https://static.smiler.com.br/hf/header.js?v=0.95.1743:1903:46)
[  591063ms] Uncaught TypeError: Cannot read properties of null (reading 'querySelector')
    at smlsManageMenuOption (https://static.smiler.com.br/hf/header.js?v=0.95.1743:1333:36)
    at initCommonsElements (https://static.smiler.com.br/hf/header.js?v=0.95.1743:1948:11)
    at init (https://static.smiler.com.br/hf/header.js?v=0.95.1743:2786:11)
    at <anonymous> (https://static.smiler.com.br/hf/header.js?v=0.95.1743:1903:46)
[  593064ms] Uncaught TypeError: Cannot read properties of null (reading 'querySelector')
    at smlsManageMenuOption (https://static.smiler.com.br/hf/header.js?v=0.95.1743:1333:36)
    at initCommonsElements (https://static.smiler.com.br/hf/header.js?v=0.95.1743:1948:11)
    at init (https://static.smiler.com.br/hf/header.js?v=0.95.1743:2786:11)
    at <anonymous> (https://static.smiler.com.br/hf/header.js?v=0.95.1743:1903:46)
[  595066ms] Uncaught TypeError: Cannot read properties of null (reading 'querySelector')
    at smlsManageMenuOption (https://static.smiler.com.br/hf/header.js?v=0.95.1743:1333:36)
    at initCommonsElements (https://static.smiler.com.br/hf/header.js?v=0.95.1743:1948:11)
    at init (https://static.smiler.com.br/hf/header.js?v=0.95.1743:2786:11)
    at <anonymous> (https://static.smiler.com.br/hf/header.js?v=0.95.1743:1903:46)
[  597069ms] Uncaught TypeError: Cannot read properties of null (reading 'querySelector')
    at smlsManageMenuOption (https://static.smiler.com.br/hf/header.js?v=0.95.1743:1333:36)
    at initCommonsElements (https://static.smiler.com.br/hf/header.js?v=0.95.1743:1948:11)
    at init (https://static.smiler.com.br/hf/header.js?v=0.95.1743:2786:11)
    at <anonymous> (https://static.smiler.com.br/hf/header.js?v=0.95.1743:1903:46)
[  599070ms] Uncaught TypeError: Cannot read properties of null (reading 'querySelector')
    at smlsManageMenuOption (https://static.smiler.com.br/hf/header.js?v=0.95.1743:1333:36)
    at initCommonsElements (https://static.smiler.com.br/hf/header.js?v=0.95.1743:1948:11)
    at init (https://static.smiler.com.br/hf/header.js?v=0.95.1743:2786:11)
    at <anonymous> (https://static.smiler.com.br/hf/header.js?v=0.95.1743:1903:46)
[  601072ms] Uncaught TypeError: Cannot read properties of null (reading 'querySelector')
    at smlsManageMenuOption (https://static.smiler.com.br/hf/header.js?v=0.95.1743:1333:36)
    at initCommonsElements (https://static.smiler.com.br/hf/header.js?v=0.95.1743:1948:11)
    at init (https://static.smiler.com.br/hf/header.js?v=0.95.1743:2786:11)
    at <anonymous> (https://static.smiler.com.br/hf/header.js?v=0.95.1743:1903:46)
[  603079ms] Uncaught TypeError: Cannot read properties of null (reading 'querySelector')
    at smlsManageMenuOption (https://static.smiler.com.br/hf/header.js?v=0.95.1743:1333:36)
    at initCommonsElements (https://static.smiler.com.br/hf/header.js?v=0.95.1743:1948:11)
    at init (https://static.smiler.com.br/hf/header.js?v=0.95.1743:2786:11)
    at <anonymous> (https://static.smiler.com.br/hf/header.js?v=0.95.1743:1903:46)
[  605078ms] Uncaught TypeError: Cannot read properties of null (reading 'querySelector')
    at smlsManageMenuOption (https://static.smiler.com.br/hf/header.js?v=0.95.1743:1333:36)
    at initCommonsElements (https://static.smiler.com.br/hf/header.js?v=0.95.1743:1948:11)
    at init (https://static.smiler.com.br/hf/header.js?v=0.95.1743:2786:11)
    at <anonymous> (https://static.smiler.com.br/hf/header.js?v=0.95.1743:1903:46)
[  607080ms] Uncaught TypeError: Cannot read properties of null (reading 'querySelector')
    at smlsManageMenuOption (https://static.smiler.com.br/hf/header.js?v=0.95.1743:1333:36)
    at initCommonsElements (https://static.smiler.com.br/hf/header.js?v=0.95.1743:1948:11)
    at init (https://static.smiler.com.br/hf/header.js?v=0.95.1743:2786:11)
    at <anonymous> (https://static.smiler.com.br/hf/header.js?v=0.95.1743:1903:46)
[  609081ms] Uncaught TypeError: Cannot read properties of null (reading 'querySelector')
    at smlsManageMenuOption (https://static.smiler.com.br/hf/header.js?v=0.95.1743:1333:36)
    at initCommonsElements (https://static.smiler.com.br/hf/header.js?v=0.95.1743:1948:11)
    at init (https://static.smiler.com.br/hf/header.js?v=0.95.1743:2786:11)
    at <anonymous> (https://static.smiler.com.br/hf/header.js?v=0.95.1743:1903:46)
[  611082ms] Uncaught TypeError: Cannot read properties of null (reading 'querySelector')
    at smlsManageMenuOption (https://static.smiler.com.br/hf/header.js?v=0.95.1743:1333:36)
    at initCommonsElements (https://static.smiler.com.br/hf/header.js?v=0.95.1743:1948:11)
    at init (https://static.smiler.com.br/hf/header.js?v=0.95.1743:2786:11)
    at <anonymous> (https://static.smiler.com.br/hf/header.js?v=0.95.1743:1903:46)
[  613085ms] Uncaught TypeError: Cannot read properties of null (reading 'querySelector')
    at smlsManageMenuOption (https://static.smiler.com.br/hf/header.js?v=0.95.1743:1333:36)
    at initCommonsElements (https://static.smiler.com.br/hf/header.js?v=0.95.1743:1948:11)
    at init (https://static.smiler.com.br/hf/header.js?v=0.95.1743:2786:11)
    at <anonymous> (https://static.smiler.com.br/hf/header.js?v=0.95.1743:1903:46)
[  615091ms] Uncaught TypeError: Cannot read properties of null (reading 'querySelector')
    at smlsManageMenuOption (https://static.smiler.com.br/hf/header.js?v=0.95.1743:1333:36)
    at initCommonsElements (https://static.smiler.com.br/hf/header.js?v=0.95.1743:1948:11)
    at init (https://static.smiler.com.br/hf/header.js?v=0.95.1743:2786:11)
    at <anonymous> (https://static.smiler.com.br/hf/header.js?v=0.95.1743:1903:46)
[  617089ms] Uncaught TypeError: Cannot read properties of null (reading 'querySelector')
    at smlsManageMenuOption (https://static.smiler.com.br/hf/header.js?v=0.95.1743:1333:36)
    at initCommonsElements (https://static.smiler.com.br/hf/header.js?v=0.95.1743:1948:11)
    at init (https://static.smiler.com.br/hf/header.js?v=0.95.1743:2786:11)
    at <anonymous> (https://static.smiler.com.br/hf/header.js?v=0.95.1743:1903:46)
[  619091ms] Uncaught TypeError: Cannot read properties of null (reading 'querySelector')
    at smlsManageMenuOption (https://static.smiler.com.br/hf/header.js?v=0.95.1743:1333:36)
    at initCommonsElements (https://static.smiler.com.br/hf/header.js?v=0.95.1743:1948:11)
    at init (https://static.smiler.com.br/hf/header.js?v=0.95.1743:2786:11)
    at <anonymous> (https://static.smiler.com.br/hf/header.js?v=0.95.1743:1903:46)
[  621097ms] Uncaught TypeError: Cannot read properties of null (reading 'querySelector')
    at smlsManageMenuOption (https://static.smiler.com.br/hf/header.js?v=0.95.1743:1333:36)
    at initCommonsElements (https://static.smiler.com.br/hf/header.js?v=0.95.1743:1948:11)
    at init (https://static.smiler.com.br/hf/header.js?v=0.95.1743:2786:11)
    at <anonymous> (https://static.smiler.com.br/hf/header.js?v=0.95.1743:1903:46)
[  623096ms] Uncaught TypeError: Cannot read properties of null (reading 'querySelector')
    at smlsManageMenuOption (https://static.smiler.com.br/hf/header.js?v=0.95.1743:1333:36)
    at initCommonsElements (https://static.smiler.com.br/hf/header.js?v=0.95.1743:1948:11)
    at init (https://static.smiler.com.br/hf/header.js?v=0.95.1743:2786:11)
    at <anonymous> (https://static.smiler.com.br/hf/header.js?v=0.95.1743:1903:46)
[  625100ms] Uncaught TypeError: Cannot read properties of null (reading 'querySelector')
    at smlsManageMenuOption (https://static.smiler.com.br/hf/header.js?v=0.95.1743:1333:36)
    at initCommonsElements (https://static.smiler.com.br/hf/header.js?v=0.95.1743:1948:11)
    at init (https://static.smiler.com.br/hf/header.js?v=0.95.1743:2786:11)
    at <anonymous> (https://static.smiler.com.br/hf/header.js?v=0.95.1743:1903:46)
[  627107ms] Uncaught TypeError: Cannot read properties of null (reading 'querySelector')
    at smlsManageMenuOption (https://static.smiler.com.br/hf/header.js?v=0.95.1743:1333:36)
    at initCommonsElements (https://static.smiler.com.br/hf/header.js?v=0.95.1743:1948:11)
    at init (https://static.smiler.com.br/hf/header.js?v=0.95.1743:2786:11)
    at <anonymous> (https://static.smiler.com.br/hf/header.js?v=0.95.1743:1903:46)
[  629106ms] Uncaught TypeError: Cannot read properties of null (reading 'querySelector')
    at smlsManageMenuOption (https://static.smiler.com.br/hf/header.js?v=0.95.1743:1333:36)
    at initCommonsElements (https://static.smiler.com.br/hf/header.js?v=0.95.1743:1948:11)
    at init (https://static.smiler.com.br/hf/header.js?v=0.95.1743:2786:11)
    at <anonymous> (https://static.smiler.com.br/hf/header.js?v=0.95.1743:1903:46)
[  630353ms] [ERROR] Creating a worker from 'blob:https://www.smiles.com.br/cc733aad-f598-45c3-9953-ccda96c6c25f' violates the following Content Security Policy directive: "script-src 'unsafe-inline' 'unsafe-eval' https: localhost:*". Note that 'worker-src' was not explicitly set, so 'script-src' is used as a fallback. The action has been blocked. @ https://www.smiles.com.br/_lx-MWATM/tNJsL-Y/Wgg4mB6/2Kcg/w0t9hfEcau/B1p4AQ/MAstMGhu/MVUPAg?v=e33b60b4-2206-52f2-711f-e1f32ad91730:0
[  631104ms] Uncaught TypeError: Cannot read properties of null (reading 'querySelector')
    at smlsManageMenuOption (https://static.smiler.com.br/hf/header.js?v=0.95.1743:1333:36)
    at initCommonsElements (https://static.smiler.com.br/hf/header.js?v=0.95.1743:1948:11)
    at init (https://static.smiler.com.br/hf/header.js?v=0.95.1743:2786:11)
    at <anonymous> (https://static.smiler.com.br/hf/header.js?v=0.95.1743:1903:46)
[  633107ms] Uncaught TypeError: Cannot read properties of null (reading 'querySelector')
    at smlsManageMenuOption (https://static.smiler.com.br/hf/header.js?v=0.95.1743:1333:36)
    at initCommonsElements (https://static.smiler.com.br/hf/header.js?v=0.95.1743:1948:11)
    at init (https://static.smiler.com.br/hf/header.js?v=0.95.1743:2786:11)
    at <anonymous> (https://static.smiler.com.br/hf/header.js?v=0.95.1743:1903:46)
[  635110ms] Uncaught TypeError: Cannot read properties of null (reading 'querySelector')
    at smlsManageMenuOption (https://static.smiler.com.br/hf/header.js?v=0.95.1743:1333:36)
    at initCommonsElements (https://static.smiler.com.br/hf/header.js?v=0.95.1743:1948:11)
    at init (https://static.smiler.com.br/hf/header.js?v=0.95.1743:2786:11)
    at <anonymous> (https://static.smiler.com.br/hf/header.js?v=0.95.1743:1903:46)
[  637108ms] Uncaught TypeError: Cannot read properties of null (reading 'querySelector')
    at smlsManageMenuOption (https://static.smiler.com.br/hf/header.js?v=0.95.1743:1333:36)
    at initCommonsElements (https://static.smiler.com.br/hf/header.js?v=0.95.1743:1948:11)
    at init (https://static.smiler.com.br/hf/header.js?v=0.95.1743:2786:11)
    at <anonymous> (https://static.smiler.com.br/hf/header.js?v=0.95.1743:1903:46)
[  639111ms] Uncaught TypeError: Cannot read properties of null (reading 'querySelector')
    at smlsManageMenuOption (https://static.smiler.com.br/hf/header.js?v=0.95.1743:1333:36)
    at initCommonsElements (https://static.smiler.com.br/hf/header.js?v=0.95.1743:1948:11)
    at init (https://static.smiler.com.br/hf/header.js?v=0.95.1743:2786:11)
    at <anonymous> (https://static.smiler.com.br/hf/header.js?v=0.95.1743:1903:46)
[  641113ms] Uncaught TypeError: Cannot read properties of null (reading 'querySelector')
    at smlsManageMenuOption (https://static.smiler.com.br/hf/header.js?v=0.95.1743:1333:36)
    at initCommonsElements (https://static.smiler.com.br/hf/header.js?v=0.95.1743:1948:11)
    at init (https://static.smiler.com.br/hf/header.js?v=0.95.1743:2786:11)
    at <anonymous> (https://static.smiler.com.br/hf/header.js?v=0.95.1743:1903:46)
[  643112ms] Uncaught TypeError: Cannot read properties of null (reading 'querySelector')
    at smlsManageMenuOption (https://static.smiler.com.br/hf/header.js?v=0.95.1743:1333:36)
    at initCommonsElements (https://static.smiler.com.br/hf/header.js?v=0.95.1743:1948:11)
    at init (https://static.smiler.com.br/hf/header.js?v=0.95.1743:2786:11)
    at <anonymous> (https://static.smiler.com.br/hf/header.js?v=0.95.1743:1903:46)
[  645113ms] Uncaught TypeError: Cannot read properties of null (reading 'querySelector')
    at smlsManageMenuOption (https://static.smiler.com.br/hf/header.js?v=0.95.1743:1333:36)
    at initCommonsElements (https://static.smiler.com.br/hf/header.js?v=0.95.1743:1948:11)
    at init (https://static.smiler.com.br/hf/header.js?v=0.95.1743:2786:11)
    at <anonymous> (https://static.smiler.com.br/hf/header.js?v=0.95.1743:1903:46)
[  647115ms] Uncaught TypeError: Cannot read properties of null (reading 'querySelector')
    at smlsManageMenuOption (https://static.smiler.com.br/hf/header.js?v=0.95.1743:1333:36)
    at initCommonsElements (https://static.smiler.com.br/hf/header.js?v=0.95.1743:1948:11)
    at init (https://static.smiler.com.br/hf/header.js?v=0.95.1743:2786:11)
    at <anonymous> (https://static.smiler.com.br/hf/header.js?v=0.95.1743:1903:46)
[  649118ms] Uncaught TypeError: Cannot read properties of null (reading 'querySelector')
    at smlsManageMenuOption (https://static.smiler.com.br/hf/header.js?v=0.95.1743:1333:36)
    at initCommonsElements (https://static.smiler.com.br/hf/header.js?v=0.95.1743:1948:11)
    at init (https://static.smiler.com.br/hf/header.js?v=0.95.1743:2786:11)
    at <anonymous> (https://static.smiler.com.br/hf/header.js?v=0.95.1743:1903:46)
[  651119ms] Uncaught TypeError: Cannot read properties of null (reading 'querySelector')
    at smlsManageMenuOption (https://static.smiler.com.br/hf/header.js?v=0.95.1743:1333:36)
    at initCommonsElements (https://static.smiler.com.br/hf/header.js?v=0.95.1743:1948:11)
    at init (https://static.smiler.com.br/hf/header.js?v=0.95.1743:2786:11)
    at <anonymous> (https://static.smiler.com.br/hf/header.js?v=0.95.1743:1903:46)
[  653119ms] Uncaught TypeError: Cannot read properties of null (reading 'querySelector')
    at smlsManageMenuOption (https://static.smiler.com.br/hf/header.js?v=0.95.1743:1333:36)
    at initCommonsElements (https://static.smiler.com.br/hf/header.js?v=0.95.1743:1948:11)
    at init (https://static.smiler.com.br/hf/header.js?v=0.95.1743:2786:11)
    at <anonymous> (https://static.smiler.com.br/hf/header.js?v=0.95.1743:1903:46)
[  655121ms] Uncaught TypeError: Cannot read properties of null (reading 'querySelector')
    at smlsManageMenuOption (https://static.smiler.com.br/hf/header.js?v=0.95.1743:1333:36)
    at initCommonsElements (https://static.smiler.com.br/hf/header.js?v=0.95.1743:1948:11)
    at init (https://static.smiler.com.br/hf/header.js?v=0.95.1743:2786:11)
    at <anonymous> (https://static.smiler.com.br/hf/header.js?v=0.95.1743:1903:46)
[  657123ms] Uncaught TypeError: Cannot read properties of null (reading 'querySelector')
    at smlsManageMenuOption (https://static.smiler.com.br/hf/header.js?v=0.95.1743:1333:36)
    at initCommonsElements (https://static.smiler.com.br/hf/header.js?v=0.95.1743:1948:11)
    at init (https://static.smiler.com.br/hf/header.js?v=0.95.1743:2786:11)
    at <anonymous> (https://static.smiler.com.br/hf/header.js?v=0.95.1743:1903:46)
[  659125ms] Uncaught TypeError: Cannot read properties of null (reading 'querySelector')
    at smlsManageMenuOption (https://static.smiler.com.br/hf/header.js?v=0.95.1743:1333:36)
    at initCommonsElements (https://static.smiler.com.br/hf/header.js?v=0.95.1743:1948:11)
    at init (https://static.smiler.com.br/hf/header.js?v=0.95.1743:2786:11)
    at <anonymous> (https://static.smiler.com.br/hf/header.js?v=0.95.1743:1903:46)
[  661129ms] Uncaught TypeError: Cannot read properties of null (reading 'querySelector')
    at smlsManageMenuOption (https://static.smiler.com.br/hf/header.js?v=0.95.1743:1333:36)
    at initCommonsElements (https://static.smiler.com.br/hf/header.js?v=0.95.1743:1948:11)
    at init (https://static.smiler.com.br/hf/header.js?v=0.95.1743:2786:11)
    at <anonymous> (https://static.smiler.com.br/hf/header.js?v=0.95.1743:1903:46)
[  663129ms] Uncaught TypeError: Cannot read properties of null (reading 'querySelector')
    at smlsManageMenuOption (https://static.smiler.com.br/hf/header.js?v=0.95.1743:1333:36)
    at initCommonsElements (https://static.smiler.com.br/hf/header.js?v=0.95.1743:1948:11)
    at init (https://static.smiler.com.br/hf/header.js?v=0.95.1743:2786:11)
    at <anonymous> (https://static.smiler.com.br/hf/header.js?v=0.95.1743:1903:46)
[  665131ms] Uncaught TypeError: Cannot read properties of null (reading 'querySelector')
    at smlsManageMenuOption (https://static.smiler.com.br/hf/header.js?v=0.95.1743:1333:36)
    at initCommonsElements (https://static.smiler.com.br/hf/header.js?v=0.95.1743:1948:11)
    at init (https://static.smiler.com.br/hf/header.js?v=0.95.1743:2786:11)
    at <anonymous> (https://static.smiler.com.br/hf/header.js?v=0.95.1743:1903:46)
[  667135ms] Uncaught TypeError: Cannot read properties of null (reading 'querySelector')
    at smlsManageMenuOption (https://static.smiler.com.br/hf/header.js?v=0.95.1743:1333:36)
    at initCommonsElements (https://static.smiler.com.br/hf/header.js?v=0.95.1743:1948:11)
    at init (https://static.smiler.com.br/hf/header.js?v=0.95.1743:2786:11)
    at <anonymous> (https://static.smiler.com.br/hf/header.js?v=0.95.1743:1903:46)
[  669138ms] Uncaught TypeError: Cannot read properties of null (reading 'querySelector')
    at smlsManageMenuOption (https://static.smiler.com.br/hf/header.js?v=0.95.1743:1333:36)
    at initCommonsElements (https://static.smiler.com.br/hf/header.js?v=0.95.1743:1948:11)
    at init (https://static.smiler.com.br/hf/header.js?v=0.95.1743:2786:11)
    at <anonymous> (https://static.smiler.com.br/hf/header.js?v=0.95.1743:1903:46)
[  671143ms] Uncaught TypeError: Cannot read properties of null (reading 'querySelector')
    at smlsManageMenuOption (https://static.smiler.com.br/hf/header.js?v=0.95.1743:1333:36)
    at initCommonsElements (https://static.smiler.com.br/hf/header.js?v=0.95.1743:1948:11)
    at init (https://static.smiler.com.br/hf/header.js?v=0.95.1743:2786:11)
    at <anonymous> (https://static.smiler.com.br/hf/header.js?v=0.95.1743:1903:46)
[  673141ms] Uncaught TypeError: Cannot read properties of null (reading 'querySelector')
    at smlsManageMenuOption (https://static.smiler.com.br/hf/header.js?v=0.95.1743:1333:36)
    at initCommonsElements (https://static.smiler.com.br/hf/header.js?v=0.95.1743:1948:11)
    at init (https://static.smiler.com.br/hf/header.js?v=0.95.1743:2786:11)
    at <anonymous> (https://static.smiler.com.br/hf/header.js?v=0.95.1743:1903:46)
[  675146ms] Uncaught TypeError: Cannot read properties of null (reading 'querySelector')
    at smlsManageMenuOption (https://static.smiler.com.br/hf/header.js?v=0.95.1743:1333:36)
    at initCommonsElements (https://static.smiler.com.br/hf/header.js?v=0.95.1743:1948:11)
    at init (https://static.smiler.com.br/hf/header.js?v=0.95.1743:2786:11)
    at <anonymous> (https://static.smiler.com.br/hf/header.js?v=0.95.1743:1903:46)
[  677147ms] Uncaught TypeError: Cannot read properties of null (reading 'querySelector')
    at smlsManageMenuOption (https://static.smiler.com.br/hf/header.js?v=0.95.1743:1333:36)
    at initCommonsElements (https://static.smiler.com.br/hf/header.js?v=0.95.1743:1948:11)
    at init (https://static.smiler.com.br/hf/header.js?v=0.95.1743:2786:11)
    at <anonymous> (https://static.smiler.com.br/hf/header.js?v=0.95.1743:1903:46)
[  679150ms] Uncaught TypeError: Cannot read properties of null (reading 'querySelector')
    at smlsManageMenuOption (https://static.smiler.com.br/hf/header.js?v=0.95.1743:1333:36)
    at initCommonsElements (https://static.smiler.com.br/hf/header.js?v=0.95.1743:1948:11)
    at init (https://static.smiler.com.br/hf/header.js?v=0.95.1743:2786:11)
    at <anonymous> (https://static.smiler.com.br/hf/header.js?v=0.95.1743:1903:46)
[  681152ms] Uncaught TypeError: Cannot read properties of null (reading 'querySelector')
    at smlsManageMenuOption (https://static.smiler.com.br/hf/header.js?v=0.95.1743:1333:36)
    at initCommonsElements (https://static.smiler.com.br/hf/header.js?v=0.95.1743:1948:11)
    at init (https://static.smiler.com.br/hf/header.js?v=0.95.1743:2786:11)
    at <anonymous> (https://static.smiler.com.br/hf/header.js?v=0.95.1743:1903:46)
[  683152ms] Uncaught TypeError: Cannot read properties of null (reading 'querySelector')
    at smlsManageMenuOption (https://static.smiler.com.br/hf/header.js?v=0.95.1743:1333:36)
    at initCommonsElements (https://static.smiler.com.br/hf/header.js?v=0.95.1743:1948:11)
    at init (https://static.smiler.com.br/hf/header.js?v=0.95.1743:2786:11)
    at <anonymous> (https://static.smiler.com.br/hf/header.js?v=0.95.1743:1903:46)
[  685159ms] Uncaught TypeError: Cannot read properties of null (reading 'querySelector')
    at smlsManageMenuOption (https://static.smiler.com.br/hf/header.js?v=0.95.1743:1333:36)
    at initCommonsElements (https://static.smiler.com.br/hf/header.js?v=0.95.1743:1948:11)
    at init (https://static.smiler.com.br/hf/header.js?v=0.95.1743:2786:11)
    at <anonymous> (https://static.smiler.com.br/hf/header.js?v=0.95.1743:1903:46)
[  687159ms] Uncaught TypeError: Cannot read properties of null (reading 'querySelector')
    at smlsManageMenuOption (https://static.smiler.com.br/hf/header.js?v=0.95.1743:1333:36)
    at initCommonsElements (https://static.smiler.com.br/hf/header.js?v=0.95.1743:1948:11)
    at init (https://static.smiler.com.br/hf/header.js?v=0.95.1743:2786:11)
    at <anonymous> (https://static.smiler.com.br/hf/header.js?v=0.95.1743:1903:46)
[  689160ms] Uncaught TypeError: Cannot read properties of null (reading 'querySelector')
    at smlsManageMenuOption (https://static.smiler.com.br/hf/header.js?v=0.95.1743:1333:36)
    at initCommonsElements (https://static.smiler.com.br/hf/header.js?v=0.95.1743:1948:11)
    at init (https://static.smiler.com.br/hf/header.js?v=0.95.1743:2786:11)
    at <anonymous> (https://static.smiler.com.br/hf/header.js?v=0.95.1743:1903:46)
[  691160ms] Uncaught TypeError: Cannot read properties of null (reading 'querySelector')
    at smlsManageMenuOption (https://static.smiler.com.br/hf/header.js?v=0.95.1743:1333:36)
    at initCommonsElements (https://static.smiler.com.br/hf/header.js?v=0.95.1743:1948:11)
    at init (https://static.smiler.com.br/hf/header.js?v=0.95.1743:2786:11)
    at <anonymous> (https://static.smiler.com.br/hf/header.js?v=0.95.1743:1903:46)
[  693163ms] Uncaught TypeError: Cannot read properties of null (reading 'querySelector')
    at smlsManageMenuOption (https://static.smiler.com.br/hf/header.js?v=0.95.1743:1333:36)
    at initCommonsElements (https://static.smiler.com.br/hf/header.js?v=0.95.1743:1948:11)
    at init (https://static.smiler.com.br/hf/header.js?v=0.95.1743:2786:11)
    at <anonymous> (https://static.smiler.com.br/hf/header.js?v=0.95.1743:1903:46)
[  695166ms] Uncaught TypeError: Cannot read properties of null (reading 'querySelector')
    at smlsManageMenuOption (https://static.smiler.com.br/hf/header.js?v=0.95.1743:1333:36)
    at initCommonsElements (https://static.smiler.com.br/hf/header.js?v=0.95.1743:1948:11)
    at init (https://static.smiler.com.br/hf/header.js?v=0.95.1743:2786:11)
    at <anonymous> (https://static.smiler.com.br/hf/header.js?v=0.95.1743:1903:46)
[  697171ms] Uncaught TypeError: Cannot read properties of null (reading 'querySelector')
    at smlsManageMenuOption (https://static.smiler.com.br/hf/header.js?v=0.95.1743:1333:36)
    at initCommonsElements (https://static.smiler.com.br/hf/header.js?v=0.95.1743:1948:11)
    at init (https://static.smiler.com.br/hf/header.js?v=0.95.1743:2786:11)
    at <anonymous> (https://static.smiler.com.br/hf/header.js?v=0.95.1743:1903:46)
[  699169ms] Uncaught TypeError: Cannot read properties of null (reading 'querySelector')
    at smlsManageMenuOption (https://static.smiler.com.br/hf/header.js?v=0.95.1743:1333:36)
    at initCommonsElements (https://static.smiler.com.br/hf/header.js?v=0.95.1743:1948:11)
    at init (https://static.smiler.com.br/hf/header.js?v=0.95.1743:2786:11)
    at <anonymous> (https://static.smiler.com.br/hf/header.js?v=0.95.1743:1903:46)
[  701173ms] Uncaught TypeError: Cannot read properties of null (reading 'querySelector')
    at smlsManageMenuOption (https://static.smiler.com.br/hf/header.js?v=0.95.1743:1333:36)
    at initCommonsElements (https://static.smiler.com.br/hf/header.js?v=0.95.1743:1948:11)
    at init (https://static.smiler.com.br/hf/header.js?v=0.95.1743:2786:11)
    at <anonymous> (https://static.smiler.com.br/hf/header.js?v=0.95.1743:1903:46)
[  703176ms] Uncaught TypeError: Cannot read properties of null (reading 'querySelector')
    at smlsManageMenuOption (https://static.smiler.com.br/hf/header.js?v=0.95.1743:1333:36)
    at initCommonsElements (https://static.smiler.com.br/hf/header.js?v=0.95.1743:1948:11)
    at init (https://static.smiler.com.br/hf/header.js?v=0.95.1743:2786:11)
    at <anonymous> (https://static.smiler.com.br/hf/header.js?v=0.95.1743:1903:46)
[  705180ms] Uncaught TypeError: Cannot read properties of null (reading 'querySelector')
    at smlsManageMenuOption (https://static.smiler.com.br/hf/header.js?v=0.95.1743:1333:36)
    at initCommonsElements (https://static.smiler.com.br/hf/header.js?v=0.95.1743:1948:11)
    at init (https://static.smiler.com.br/hf/header.js?v=0.95.1743:2786:11)
    at <anonymous> (https://static.smiler.com.br/hf/header.js?v=0.95.1743:1903:46)
[  707181ms] Uncaught TypeError: Cannot read properties of null (reading 'querySelector')
    at smlsManageMenuOption (https://static.smiler.com.br/hf/header.js?v=0.95.1743:1333:36)
    at initCommonsElements (https://static.smiler.com.br/hf/header.js?v=0.95.1743:1948:11)
    at init (https://static.smiler.com.br/hf/header.js?v=0.95.1743:2786:11)
    at <anonymous> (https://static.smiler.com.br/hf/header.js?v=0.95.1743:1903:46)
[  709182ms] Uncaught TypeError: Cannot read properties of null (reading 'querySelector')
    at smlsManageMenuOption (https://static.smiler.com.br/hf/header.js?v=0.95.1743:1333:36)
    at initCommonsElements (https://static.smiler.com.br/hf/header.js?v=0.95.1743:1948:11)
    at init (https://static.smiler.com.br/hf/header.js?v=0.95.1743:2786:11)
    at <anonymous> (https://static.smiler.com.br/hf/header.js?v=0.95.1743:1903:46)
[  711185ms] Uncaught TypeError: Cannot read properties of null (reading 'querySelector')
    at smlsManageMenuOption (https://static.smiler.com.br/hf/header.js?v=0.95.1743:1333:36)
    at initCommonsElements (https://static.smiler.com.br/hf/header.js?v=0.95.1743:1948:11)
    at init (https://static.smiler.com.br/hf/header.js?v=0.95.1743:2786:11)
    at <anonymous> (https://static.smiler.com.br/hf/header.js?v=0.95.1743:1903:46)
[  713189ms] Uncaught TypeError: Cannot read properties of null (reading 'querySelector')
    at smlsManageMenuOption (https://static.smiler.com.br/hf/header.js?v=0.95.1743:1333:36)
    at initCommonsElements (https://static.smiler.com.br/hf/header.js?v=0.95.1743:1948:11)
    at init (https://static.smiler.com.br/hf/header.js?v=0.95.1743:2786:11)
    at <anonymous> (https://static.smiler.com.br/hf/header.js?v=0.95.1743:1903:46)
[  715191ms] Uncaught TypeError: Cannot read properties of null (reading 'querySelector')
    at smlsManageMenuOption (https://static.smiler.com.br/hf/header.js?v=0.95.1743:1333:36)
    at initCommonsElements (https://static.smiler.com.br/hf/header.js?v=0.95.1743:1948:11)
    at init (https://static.smiler.com.br/hf/header.js?v=0.95.1743:2786:11)
    at <anonymous> (https://static.smiler.com.br/hf/header.js?v=0.95.1743:1903:46)
[  717193ms] Uncaught TypeError: Cannot read properties of null (reading 'querySelector')
    at smlsManageMenuOption (https://static.smiler.com.br/hf/header.js?v=0.95.1743:1333:36)
    at initCommonsElements (https://static.smiler.com.br/hf/header.js?v=0.95.1743:1948:11)
    at init (https://static.smiler.com.br/hf/header.js?v=0.95.1743:2786:11)
    at <anonymous> (https://static.smiler.com.br/hf/header.js?v=0.95.1743:1903:46)
[  719195ms] Uncaught TypeError: Cannot read properties of null (reading 'querySelector')
    at smlsManageMenuOption (https://static.smiler.com.br/hf/header.js?v=0.95.1743:1333:36)
    at initCommonsElements (https://static.smiler.com.br/hf/header.js?v=0.95.1743:1948:11)
    at init (https://static.smiler.com.br/hf/header.js?v=0.95.1743:2786:11)
    at <anonymous> (https://static.smiler.com.br/hf/header.js?v=0.95.1743:1903:46)
[  721197ms] Uncaught TypeError: Cannot read properties of null (reading 'querySelector')
    at smlsManageMenuOption (https://static.smiler.com.br/hf/header.js?v=0.95.1743:1333:36)
    at initCommonsElements (https://static.smiler.com.br/hf/header.js?v=0.95.1743:1948:11)
    at init (https://static.smiler.com.br/hf/header.js?v=0.95.1743:2786:11)
    at <anonymous> (https://static.smiler.com.br/hf/header.js?v=0.95.1743:1903:46)
[  723203ms] Uncaught TypeError: Cannot read properties of null (reading 'querySelector')
    at smlsManageMenuOption (https://static.smiler.com.br/hf/header.js?v=0.95.1743:1333:36)
    at initCommonsElements (https://static.smiler.com.br/hf/header.js?v=0.95.1743:1948:11)
    at init (https://static.smiler.com.br/hf/header.js?v=0.95.1743:2786:11)
    at <anonymous> (https://static.smiler.com.br/hf/header.js?v=0.95.1743:1903:46)
[  725200ms] Uncaught TypeError: Cannot read properties of null (reading 'querySelector')
    at smlsManageMenuOption (https://static.smiler.com.br/hf/header.js?v=0.95.1743:1333:36)
    at initCommonsElements (https://static.smiler.com.br/hf/header.js?v=0.95.1743:1948:11)
    at init (https://static.smiler.com.br/hf/header.js?v=0.95.1743:2786:11)
    at <anonymous> (https://static.smiler.com.br/hf/header.js?v=0.95.1743:1903:46)
[  727202ms] Uncaught TypeError: Cannot read properties of null (reading 'querySelector')
    at smlsManageMenuOption (https://static.smiler.com.br/hf/header.js?v=0.95.1743:1333:36)
    at initCommonsElements (https://static.smiler.com.br/hf/header.js?v=0.95.1743:1948:11)
    at init (https://static.smiler.com.br/hf/header.js?v=0.95.1743:2786:11)
    at <anonymous> (https://static.smiler.com.br/hf/header.js?v=0.95.1743:1903:46)
[  729203ms] Uncaught TypeError: Cannot read properties of null (reading 'querySelector')
    at smlsManageMenuOption (https://static.smiler.com.br/hf/header.js?v=0.95.1743:1333:36)
    at initCommonsElements (https://static.smiler.com.br/hf/header.js?v=0.95.1743:1948:11)
    at init (https://static.smiler.com.br/hf/header.js?v=0.95.1743:2786:11)
    at <anonymous> (https://static.smiler.com.br/hf/header.js?v=0.95.1743:1903:46)
[  731206ms] Uncaught TypeError: Cannot read properties of null (reading 'querySelector')
    at smlsManageMenuOption (https://static.smiler.com.br/hf/header.js?v=0.95.1743:1333:36)
    at initCommonsElements (https://static.smiler.com.br/hf/header.js?v=0.95.1743:1948:11)
    at init (https://static.smiler.com.br/hf/header.js?v=0.95.1743:2786:11)
    at <anonymous> (https://static.smiler.com.br/hf/header.js?v=0.95.1743:1903:46)
[  733210ms] Uncaught TypeError: Cannot read properties of null (reading 'querySelector')
    at smlsManageMenuOption (https://static.smiler.com.br/hf/header.js?v=0.95.1743:1333:36)
    at initCommonsElements (https://static.smiler.com.br/hf/header.js?v=0.95.1743:1948:11)
    at init (https://static.smiler.com.br/hf/header.js?v=0.95.1743:2786:11)
    at <anonymous> (https://static.smiler.com.br/hf/header.js?v=0.95.1743:1903:46)
[  735215ms] Uncaught TypeError: Cannot read properties of null (reading 'querySelector')
    at smlsManageMenuOption (https://static.smiler.com.br/hf/header.js?v=0.95.1743:1333:36)
    at initCommonsElements (https://static.smiler.com.br/hf/header.js?v=0.95.1743:1948:11)
    at init (https://static.smiler.com.br/hf/header.js?v=0.95.1743:2786:11)
    at <anonymous> (https://static.smiler.com.br/hf/header.js?v=0.95.1743:1903:46)
[  737215ms] Uncaught TypeError: Cannot read properties of null (reading 'querySelector')
    at smlsManageMenuOption (https://static.smiler.com.br/hf/header.js?v=0.95.1743:1333:36)
    at initCommonsElements (https://static.smiler.com.br/hf/header.js?v=0.95.1743:1948:11)
    at init (https://static.smiler.com.br/hf/header.js?v=0.95.1743:2786:11)
    at <anonymous> (https://static.smiler.com.br/hf/header.js?v=0.95.1743:1903:46)
[  739216ms] Uncaught TypeError: Cannot read properties of null (reading 'querySelector')
    at smlsManageMenuOption (https://static.smiler.com.br/hf/header.js?v=0.95.1743:1333:36)
    at initCommonsElements (https://static.smiler.com.br/hf/header.js?v=0.95.1743:1948:11)
    at init (https://static.smiler.com.br/hf/header.js?v=0.95.1743:2786:11)
    at <anonymous> (https://static.smiler.com.br/hf/header.js?v=0.95.1743:1903:46)
[  741219ms] Uncaught TypeError: Cannot read properties of null (reading 'querySelector')
    at smlsManageMenuOption (https://static.smiler.com.br/hf/header.js?v=0.95.1743:1333:36)
    at initCommonsElements (https://static.smiler.com.br/hf/header.js?v=0.95.1743:1948:11)
    at init (https://static.smiler.com.br/hf/header.js?v=0.95.1743:2786:11)
    at <anonymous> (https://static.smiler.com.br/hf/header.js?v=0.95.1743:1903:46)
[  743222ms] Uncaught TypeError: Cannot read properties of null (reading 'querySelector')
    at smlsManageMenuOption (https://static.smiler.com.br/hf/header.js?v=0.95.1743:1333:36)
    at initCommonsElements (https://static.smiler.com.br/hf/header.js?v=0.95.1743:1948:11)
    at init (https://static.smiler.com.br/hf/header.js?v=0.95.1743:2786:11)
    at <anonymous> (https://static.smiler.com.br/hf/header.js?v=0.95.1743:1903:46)
[  745226ms] Uncaught TypeError: Cannot read properties of null (reading 'querySelector')
    at smlsManageMenuOption (https://static.smiler.com.br/hf/header.js?v=0.95.1743:1333:36)
    at initCommonsElements (https://static.smiler.com.br/hf/header.js?v=0.95.1743:1948:11)
    at init (https://static.smiler.com.br/hf/header.js?v=0.95.1743:2786:11)
    at <anonymous> (https://static.smiler.com.br/hf/header.js?v=0.95.1743:1903:46)
[  747230ms] Uncaught TypeError: Cannot read properties of null (reading 'querySelector')
    at smlsManageMenuOption (https://static.smiler.com.br/hf/header.js?v=0.95.1743:1333:36)
    at initCommonsElements (https://static.smiler.com.br/hf/header.js?v=0.95.1743:1948:11)
    at init (https://static.smiler.com.br/hf/header.js?v=0.95.1743:2786:11)
    at <anonymous> (https://static.smiler.com.br/hf/header.js?v=0.95.1743:1903:46)
[  749230ms] Uncaught TypeError: Cannot read properties of null (reading 'querySelector')
    at smlsManageMenuOption (https://static.smiler.com.br/hf/header.js?v=0.95.1743:1333:36)
    at initCommonsElements (https://static.smiler.com.br/hf/header.js?v=0.95.1743:1948:11)
    at init (https://static.smiler.com.br/hf/header.js?v=0.95.1743:2786:11)
    at <anonymous> (https://static.smiler.com.br/hf/header.js?v=0.95.1743:1903:46)
[  751233ms] Uncaught TypeError: Cannot read properties of null (reading 'querySelector')
    at smlsManageMenuOption (https://static.smiler.com.br/hf/header.js?v=0.95.1743:1333:36)
    at initCommonsElements (https://static.smiler.com.br/hf/header.js?v=0.95.1743:1948:11)
    at init (https://static.smiler.com.br/hf/header.js?v=0.95.1743:2786:11)
    at <anonymous> (https://static.smiler.com.br/hf/header.js?v=0.95.1743:1903:46)
[  753236ms] Uncaught TypeError: Cannot read properties of null (reading 'querySelector')
    at smlsManageMenuOption (https://static.smiler.com.br/hf/header.js?v=0.95.1743:1333:36)
    at initCommonsElements (https://static.smiler.com.br/hf/header.js?v=0.95.1743:1948:11)
    at init (https://static.smiler.com.br/hf/header.js?v=0.95.1743:2786:11)
    at <anonymous> (https://static.smiler.com.br/hf/header.js?v=0.95.1743:1903:46)
[  755237ms] Uncaught TypeError: Cannot read properties of null (reading 'querySelector')
    at smlsManageMenuOption (https://static.smiler.com.br/hf/header.js?v=0.95.1743:1333:36)
    at initCommonsElements (https://static.smiler.com.br/hf/header.js?v=0.95.1743:1948:11)
    at init (https://static.smiler.com.br/hf/header.js?v=0.95.1743:2786:11)
    at <anonymous> (https://static.smiler.com.br/hf/header.js?v=0.95.1743:1903:46)
[  757239ms] Uncaught TypeError: Cannot read properties of null (reading 'querySelector')
    at smlsManageMenuOption (https://static.smiler.com.br/hf/header.js?v=0.95.1743:1333:36)
    at initCommonsElements (https://static.smiler.com.br/hf/header.js?v=0.95.1743:1948:11)
    at init (https://static.smiler.com.br/hf/header.js?v=0.95.1743:2786:11)
    at <anonymous> (https://static.smiler.com.br/hf/header.js?v=0.95.1743:1903:46)
[  759242ms] Uncaught TypeError: Cannot read properties of null (reading 'querySelector')
    at smlsManageMenuOption (https://static.smiler.com.br/hf/header.js?v=0.95.1743:1333:36)
    at initCommonsElements (https://static.smiler.com.br/hf/header.js?v=0.95.1743:1948:11)
    at init (https://static.smiler.com.br/hf/header.js?v=0.95.1743:2786:11)
    at <anonymous> (https://static.smiler.com.br/hf/header.js?v=0.95.1743:1903:46)
[  761243ms] Uncaught TypeError: Cannot read properties of null (reading 'querySelector')
    at smlsManageMenuOption (https://static.smiler.com.br/hf/header.js?v=0.95.1743:1333:36)
    at initCommonsElements (https://static.smiler.com.br/hf/header.js?v=0.95.1743:1948:11)
    at init (https://static.smiler.com.br/hf/header.js?v=0.95.1743:2786:11)
    at <anonymous> (https://static.smiler.com.br/hf/header.js?v=0.95.1743:1903:46)
[  763246ms] Uncaught TypeError: Cannot read properties of null (reading 'querySelector')
    at smlsManageMenuOption (https://static.smiler.com.br/hf/header.js?v=0.95.1743:1333:36)
    at initCommonsElements (https://static.smiler.com.br/hf/header.js?v=0.95.1743:1948:11)
    at init (https://static.smiler.com.br/hf/header.js?v=0.95.1743:2786:11)
    at <anonymous> (https://static.smiler.com.br/hf/header.js?v=0.95.1743:1903:46)
[  765248ms] Uncaught TypeError: Cannot read properties of null (reading 'querySelector')
    at smlsManageMenuOption (https://static.smiler.com.br/hf/header.js?v=0.95.1743:1333:36)
    at initCommonsElements (https://static.smiler.com.br/hf/header.js?v=0.95.1743:1948:11)
    at init (https://static.smiler.com.br/hf/header.js?v=0.95.1743:2786:11)
    at <anonymous> (https://static.smiler.com.br/hf/header.js?v=0.95.1743:1903:46)
[  767250ms] Uncaught TypeError: Cannot read properties of null (reading 'querySelector')
    at smlsManageMenuOption (https://static.smiler.com.br/hf/header.js?v=0.95.1743:1333:36)
    at initCommonsElements (https://static.smiler.com.br/hf/header.js?v=0.95.1743:1948:11)
    at init (https://static.smiler.com.br/hf/header.js?v=0.95.1743:2786:11)
    at <anonymous> (https://static.smiler.com.br/hf/header.js?v=0.95.1743:1903:46)
[  769253ms] Uncaught TypeError: Cannot read properties of null (reading 'querySelector')
    at smlsManageMenuOption (https://static.smiler.com.br/hf/header.js?v=0.95.1743:1333:36)
    at initCommonsElements (https://static.smiler.com.br/hf/header.js?v=0.95.1743:1948:11)
    at init (https://static.smiler.com.br/hf/header.js?v=0.95.1743:2786:11)
    at <anonymous> (https://static.smiler.com.br/hf/header.js?v=0.95.1743:1903:46)
[  771256ms] Uncaught TypeError: Cannot read properties of null (reading 'querySelector')
    at smlsManageMenuOption (https://static.smiler.com.br/hf/header.js?v=0.95.1743:1333:36)
    at initCommonsElements (https://static.smiler.com.br/hf/header.js?v=0.95.1743:1948:11)
    at init (https://static.smiler.com.br/hf/header.js?v=0.95.1743:2786:11)
    at <anonymous> (https://static.smiler.com.br/hf/header.js?v=0.95.1743:1903:46)
[  773263ms] Uncaught TypeError: Cannot read properties of null (reading 'querySelector')
    at smlsManageMenuOption (https://static.smiler.com.br/hf/header.js?v=0.95.1743:1333:36)
    at initCommonsElements (https://static.smiler.com.br/hf/header.js?v=0.95.1743:1948:11)
    at init (https://static.smiler.com.br/hf/header.js?v=0.95.1743:2786:11)
    at <anonymous> (https://static.smiler.com.br/hf/header.js?v=0.95.1743:1903:46)
[  775260ms] Uncaught TypeError: Cannot read properties of null (reading 'querySelector')
    at smlsManageMenuOption (https://static.smiler.com.br/hf/header.js?v=0.95.1743:1333:36)
    at initCommonsElements (https://static.smiler.com.br/hf/header.js?v=0.95.1743:1948:11)
    at init (https://static.smiler.com.br/hf/header.js?v=0.95.1743:2786:11)
    at <anonymous> (https://static.smiler.com.br/hf/header.js?v=0.95.1743:1903:46)
[  777263ms] Uncaught TypeError: Cannot read properties of null (reading 'querySelector')
    at smlsManageMenuOption (https://static.smiler.com.br/hf/header.js?v=0.95.1743:1333:36)
    at initCommonsElements (https://static.smiler.com.br/hf/header.js?v=0.95.1743:1948:11)
    at init (https://static.smiler.com.br/hf/header.js?v=0.95.1743:2786:11)
    at <anonymous> (https://static.smiler.com.br/hf/header.js?v=0.95.1743:1903:46)
[  779264ms] Uncaught TypeError: Cannot read properties of null (reading 'querySelector')
    at smlsManageMenuOption (https://static.smiler.com.br/hf/header.js?v=0.95.1743:1333:36)
    at initCommonsElements (https://static.smiler.com.br/hf/header.js?v=0.95.1743:1948:11)
    at init (https://static.smiler.com.br/hf/header.js?v=0.95.1743:2786:11)
    at <anonymous> (https://static.smiler.com.br/hf/header.js?v=0.95.1743:1903:46)
[  781267ms] Uncaught TypeError: Cannot read properties of null (reading 'querySelector')
    at smlsManageMenuOption (https://static.smiler.com.br/hf/header.js?v=0.95.1743:1333:36)
    at initCommonsElements (https://static.smiler.com.br/hf/header.js?v=0.95.1743:1948:11)
    at init (https://static.smiler.com.br/hf/header.js?v=0.95.1743:2786:11)
    at <anonymous> (https://static.smiler.com.br/hf/header.js?v=0.95.1743:1903:46)
[  783270ms] Uncaught TypeError: Cannot read properties of null (reading 'querySelector')
    at smlsManageMenuOption (https://static.smiler.com.br/hf/header.js?v=0.95.1743:1333:36)
    at initCommonsElements (https://static.smiler.com.br/hf/header.js?v=0.95.1743:1948:11)
    at init (https://static.smiler.com.br/hf/header.js?v=0.95.1743:2786:11)
    at <anonymous> (https://static.smiler.com.br/hf/header.js?v=0.95.1743:1903:46)
[  785276ms] Uncaught TypeError: Cannot read properties of null (reading 'querySelector')
    at smlsManageMenuOption (https://static.smiler.com.br/hf/header.js?v=0.95.1743:1333:36)
    at initCommonsElements (https://static.smiler.com.br/hf/header.js?v=0.95.1743:1948:11)
    at init (https://static.smiler.com.br/hf/header.js?v=0.95.1743:2786:11)
    at <anonymous> (https://static.smiler.com.br/hf/header.js?v=0.95.1743:1903:46)
[  787275ms] Uncaught TypeError: Cannot read properties of null (reading 'querySelector')
    at smlsManageMenuOption (https://static.smiler.com.br/hf/header.js?v=0.95.1743:1333:36)
    at initCommonsElements (https://static.smiler.com.br/hf/header.js?v=0.95.1743:1948:11)
    at init (https://static.smiler.com.br/hf/header.js?v=0.95.1743:2786:11)
    at <anonymous> (https://static.smiler.com.br/hf/header.js?v=0.95.1743:1903:46)
[  789276ms] Uncaught TypeError: Cannot read properties of null (reading 'querySelector')
    at smlsManageMenuOption (https://static.smiler.com.br/hf/header.js?v=0.95.1743:1333:36)
    at initCommonsElements (https://static.smiler.com.br/hf/header.js?v=0.95.1743:1948:11)
    at init (https://static.smiler.com.br/hf/header.js?v=0.95.1743:2786:11)
    at <anonymous> (https://static.smiler.com.br/hf/header.js?v=0.95.1743:1903:46)
[  791278ms] Uncaught TypeError: Cannot read properties of null (reading 'querySelector')
    at smlsManageMenuOption (https://static.smiler.com.br/hf/header.js?v=0.95.1743:1333:36)
    at initCommonsElements (https://static.smiler.com.br/hf/header.js?v=0.95.1743:1948:11)
    at init (https://static.smiler.com.br/hf/header.js?v=0.95.1743:2786:11)
    at <anonymous> (https://static.smiler.com.br/hf/header.js?v=0.95.1743:1903:46)
[  793282ms] Uncaught TypeError: Cannot read properties of null (reading 'querySelector')
    at smlsManageMenuOption (https://static.smiler.com.br/hf/header.js?v=0.95.1743:1333:36)
    at initCommonsElements (https://static.smiler.com.br/hf/header.js?v=0.95.1743:1948:11)
    at init (https://static.smiler.com.br/hf/header.js?v=0.95.1743:2786:11)
    at <anonymous> (https://static.smiler.com.br/hf/header.js?v=0.95.1743:1903:46)
[  795283ms] Uncaught TypeError: Cannot read properties of null (reading 'querySelector')
    at smlsManageMenuOption (https://static.smiler.com.br/hf/header.js?v=0.95.1743:1333:36)
    at initCommonsElements (https://static.smiler.com.br/hf/header.js?v=0.95.1743:1948:11)
    at init (https://static.smiler.com.br/hf/header.js?v=0.95.1743:2786:11)
    at <anonymous> (https://static.smiler.com.br/hf/header.js?v=0.95.1743:1903:46)
[  797292ms] Uncaught TypeError: Cannot read properties of null (reading 'querySelector')
    at smlsManageMenuOption (https://static.smiler.com.br/hf/header.js?v=0.95.1743:1333:36)
    at initCommonsElements (https://static.smiler.com.br/hf/header.js?v=0.95.1743:1948:11)
    at init (https://static.smiler.com.br/hf/header.js?v=0.95.1743:2786:11)
    at <anonymous> (https://static.smiler.com.br/hf/header.js?v=0.95.1743:1903:46)
[  799288ms] Uncaught TypeError: Cannot read properties of null (reading 'querySelector')
    at smlsManageMenuOption (https://static.smiler.com.br/hf/header.js?v=0.95.1743:1333:36)
    at initCommonsElements (https://static.smiler.com.br/hf/header.js?v=0.95.1743:1948:11)
    at init (https://static.smiler.com.br/hf/header.js?v=0.95.1743:2786:11)
    at <anonymous> (https://static.smiler.com.br/hf/header.js?v=0.95.1743:1903:46)
[  801289ms] Uncaught TypeError: Cannot read properties of null (reading 'querySelector')
    at smlsManageMenuOption (https://static.smiler.com.br/hf/header.js?v=0.95.1743:1333:36)
    at initCommonsElements (https://static.smiler.com.br/hf/header.js?v=0.95.1743:1948:11)
    at init (https://static.smiler.com.br/hf/header.js?v=0.95.1743:2786:11)
    at <anonymous> (https://static.smiler.com.br/hf/header.js?v=0.95.1743:1903:46)
[  803291ms] Uncaught TypeError: Cannot read properties of null (reading 'querySelector')
    at smlsManageMenuOption (https://static.smiler.com.br/hf/header.js?v=0.95.1743:1333:36)
    at initCommonsElements (https://static.smiler.com.br/hf/header.js?v=0.95.1743:1948:11)
    at init (https://static.smiler.com.br/hf/header.js?v=0.95.1743:2786:11)
    at <anonymous> (https://static.smiler.com.br/hf/header.js?v=0.95.1743:1903:46)
[  805293ms] Uncaught TypeError: Cannot read properties of null (reading 'querySelector')
    at smlsManageMenuOption (https://static.smiler.com.br/hf/header.js?v=0.95.1743:1333:36)
    at initCommonsElements (https://static.smiler.com.br/hf/header.js?v=0.95.1743:1948:11)
    at init (https://static.smiler.com.br/hf/header.js?v=0.95.1743:2786:11)
    at <anonymous> (https://static.smiler.com.br/hf/header.js?v=0.95.1743:1903:46)
[  807297ms] Uncaught TypeError: Cannot read properties of null (reading 'querySelector')
    at smlsManageMenuOption (https://static.smiler.com.br/hf/header.js?v=0.95.1743:1333:36)
    at initCommonsElements (https://static.smiler.com.br/hf/header.js?v=0.95.1743:1948:11)
    at init (https://static.smiler.com.br/hf/header.js?v=0.95.1743:2786:11)
    at <anonymous> (https://static.smiler.com.br/hf/header.js?v=0.95.1743:1903:46)
[  809301ms] Uncaught TypeError: Cannot read properties of null (reading 'querySelector')
    at smlsManageMenuOption (https://static.smiler.com.br/hf/header.js?v=0.95.1743:1333:36)
    at initCommonsElements (https://static.smiler.com.br/hf/header.js?v=0.95.1743:1948:11)
    at init (https://static.smiler.com.br/hf/header.js?v=0.95.1743:2786:11)
    at <anonymous> (https://static.smiler.com.br/hf/header.js?v=0.95.1743:1903:46)
[  811302ms] Uncaught TypeError: Cannot read properties of null (reading 'querySelector')
    at smlsManageMenuOption (https://static.smiler.com.br/hf/header.js?v=0.95.1743:1333:36)
    at initCommonsElements (https://static.smiler.com.br/hf/header.js?v=0.95.1743:1948:11)
    at init (https://static.smiler.com.br/hf/header.js?v=0.95.1743:2786:11)
    at <anonymous> (https://static.smiler.com.br/hf/header.js?v=0.95.1743:1903:46)
[  813303ms] Uncaught TypeError: Cannot read properties of null (reading 'querySelector')
    at smlsManageMenuOption (https://static.smiler.com.br/hf/header.js?v=0.95.1743:1333:36)
    at initCommonsElements (https://static.smiler.com.br/hf/header.js?v=0.95.1743:1948:11)
    at init (https://static.smiler.com.br/hf/header.js?v=0.95.1743:2786:11)
    at <anonymous> (https://static.smiler.com.br/hf/header.js?v=0.95.1743:1903:46)
[  815306ms] Uncaught TypeError: Cannot read properties of null (reading 'querySelector')
    at smlsManageMenuOption (https://static.smiler.com.br/hf/header.js?v=0.95.1743:1333:36)
    at initCommonsElements (https://static.smiler.com.br/hf/header.js?v=0.95.1743:1948:11)
    at init (https://static.smiler.com.br/hf/header.js?v=0.95.1743:2786:11)
    at <anonymous> (https://static.smiler.com.br/hf/header.js?v=0.95.1743:1903:46)
[  817308ms] Uncaught TypeError: Cannot read properties of null (reading 'querySelector')
    at smlsManageMenuOption (https://static.smiler.com.br/hf/header.js?v=0.95.1743:1333:36)
    at initCommonsElements (https://static.smiler.com.br/hf/header.js?v=0.95.1743:1948:11)
    at init (https://static.smiler.com.br/hf/header.js?v=0.95.1743:2786:11)
    at <anonymous> (https://static.smiler.com.br/hf/header.js?v=0.95.1743:1903:46)
[  819310ms] Uncaught TypeError: Cannot read properties of null (reading 'querySelector')
    at smlsManageMenuOption (https://static.smiler.com.br/hf/header.js?v=0.95.1743:1333:36)
    at initCommonsElements (https://static.smiler.com.br/hf/header.js?v=0.95.1743:1948:11)
    at init (https://static.smiler.com.br/hf/header.js?v=0.95.1743:2786:11)
    at <anonymous> (https://static.smiler.com.br/hf/header.js?v=0.95.1743:1903:46)
[  821314ms] Uncaught TypeError: Cannot read properties of null (reading 'querySelector')
    at smlsManageMenuOption (https://static.smiler.com.br/hf/header.js?v=0.95.1743:1333:36)
    at initCommonsElements (https://static.smiler.com.br/hf/header.js?v=0.95.1743:1948:11)
    at init (https://static.smiler.com.br/hf/header.js?v=0.95.1743:2786:11)
    at <anonymous> (https://static.smiler.com.br/hf/header.js?v=0.95.1743:1903:46)
[  823320ms] Uncaught TypeError: Cannot read properties of null (reading 'querySelector')
    at smlsManageMenuOption (https://static.smiler.com.br/hf/header.js?v=0.95.1743:1333:36)
    at initCommonsElements (https://static.smiler.com.br/hf/header.js?v=0.95.1743:1948:11)
    at init (https://static.smiler.com.br/hf/header.js?v=0.95.1743:2786:11)
    at <anonymous> (https://static.smiler.com.br/hf/header.js?v=0.95.1743:1903:46)
[  825319ms] Uncaught TypeError: Cannot read properties of null (reading 'querySelector')
    at smlsManageMenuOption (https://static.smiler.com.br/hf/header.js?v=0.95.1743:1333:36)
    at initCommonsElements (https://static.smiler.com.br/hf/header.js?v=0.95.1743:1948:11)
    at init (https://static.smiler.com.br/hf/header.js?v=0.95.1743:2786:11)
    at <anonymous> (https://static.smiler.com.br/hf/header.js?v=0.95.1743:1903:46)
[  827320ms] Uncaught TypeError: Cannot read properties of null (reading 'querySelector')
    at smlsManageMenuOption (https://static.smiler.com.br/hf/header.js?v=0.95.1743:1333:36)
    at initCommonsElements (https://static.smiler.com.br/hf/header.js?v=0.95.1743:1948:11)
    at init (https://static.smiler.com.br/hf/header.js?v=0.95.1743:2786:11)
    at <anonymous> (https://static.smiler.com.br/hf/header.js?v=0.95.1743:1903:46)
[  829324ms] Uncaught TypeError: Cannot read properties of null (reading 'querySelector')
    at smlsManageMenuOption (https://static.smiler.com.br/hf/header.js?v=0.95.1743:1333:36)
    at initCommonsElements (https://static.smiler.com.br/hf/header.js?v=0.95.1743:1948:11)
    at init (https://static.smiler.com.br/hf/header.js?v=0.95.1743:2786:11)
    at <anonymous> (https://static.smiler.com.br/hf/header.js?v=0.95.1743:1903:46)
[  831326ms] Uncaught TypeError: Cannot read properties of null (reading 'querySelector')
    at smlsManageMenuOption (https://static.smiler.com.br/hf/header.js?v=0.95.1743:1333:36)
    at initCommonsElements (https://static.smiler.com.br/hf/header.js?v=0.95.1743:1948:11)
    at init (https://static.smiler.com.br/hf/header.js?v=0.95.1743:2786:11)
    at <anonymous> (https://static.smiler.com.br/hf/header.js?v=0.95.1743:1903:46)
[  833326ms] Uncaught TypeError: Cannot read properties of null (reading 'querySelector')
    at smlsManageMenuOption (https://static.smiler.com.br/hf/header.js?v=0.95.1743:1333:36)
    at initCommonsElements (https://static.smiler.com.br/hf/header.js?v=0.95.1743:1948:11)
    at init (https://static.smiler.com.br/hf/header.js?v=0.95.1743:2786:11)
    at <anonymous> (https://static.smiler.com.br/hf/header.js?v=0.95.1743:1903:46)
[  835330ms] Uncaught TypeError: Cannot read properties of null (reading 'querySelector')
    at smlsManageMenuOption (https://static.smiler.com.br/hf/header.js?v=0.95.1743:1333:36)
    at initCommonsElements (https://static.smiler.com.br/hf/header.js?v=0.95.1743:1948:11)
    at init (https://static.smiler.com.br/hf/header.js?v=0.95.1743:2786:11)
    at <anonymous> (https://static.smiler.com.br/hf/header.js?v=0.95.1743:1903:46)
[  837333ms] Uncaught TypeError: Cannot read properties of null (reading 'querySelector')
    at smlsManageMenuOption (https://static.smiler.com.br/hf/header.js?v=0.95.1743:1333:36)
    at initCommonsElements (https://static.smiler.com.br/hf/header.js?v=0.95.1743:1948:11)
    at init (https://static.smiler.com.br/hf/header.js?v=0.95.1743:2786:11)
    at <anonymous> (https://static.smiler.com.br/hf/header.js?v=0.95.1743:1903:46)
[  839336ms] Uncaught TypeError: Cannot read properties of null (reading 'querySelector')
    at smlsManageMenuOption (https://static.smiler.com.br/hf/header.js?v=0.95.1743:1333:36)
    at initCommonsElements (https://static.smiler.com.br/hf/header.js?v=0.95.1743:1948:11)
    at init (https://static.smiler.com.br/hf/header.js?v=0.95.1743:2786:11)
    at <anonymous> (https://static.smiler.com.br/hf/header.js?v=0.95.1743:1903:46)
[  841338ms] Uncaught TypeError: Cannot read properties of null (reading 'querySelector')
    at smlsManageMenuOption (https://static.smiler.com.br/hf/header.js?v=0.95.1743:1333:36)
    at initCommonsElements (https://static.smiler.com.br/hf/header.js?v=0.95.1743:1948:11)
    at init (https://static.smiler.com.br/hf/header.js?v=0.95.1743:2786:11)
    at <anonymous> (https://static.smiler.com.br/hf/header.js?v=0.95.1743:1903:46)
[  843339ms] Uncaught TypeError: Cannot read properties of null (reading 'querySelector')
    at smlsManageMenuOption (https://static.smiler.com.br/hf/header.js?v=0.95.1743:1333:36)
    at initCommonsElements (https://static.smiler.com.br/hf/header.js?v=0.95.1743:1948:11)
    at init (https://static.smiler.com.br/hf/header.js?v=0.95.1743:2786:11)
    at <anonymous> (https://static.smiler.com.br/hf/header.js?v=0.95.1743:1903:46)
[  845344ms] Uncaught TypeError: Cannot read properties of null (reading 'querySelector')
    at smlsManageMenuOption (https://static.smiler.com.br/hf/header.js?v=0.95.1743:1333:36)
    at initCommonsElements (https://static.smiler.com.br/hf/header.js?v=0.95.1743:1948:11)
    at init (https://static.smiler.com.br/hf/header.js?v=0.95.1743:2786:11)
    at <anonymous> (https://static.smiler.com.br/hf/header.js?v=0.95.1743:1903:46)
[  847346ms] Uncaught TypeError: Cannot read properties of null (reading 'querySelector')
    at smlsManageMenuOption (https://static.smiler.com.br/hf/header.js?v=0.95.1743:1333:36)
    at initCommonsElements (https://static.smiler.com.br/hf/header.js?v=0.95.1743:1948:11)
    at init (https://static.smiler.com.br/hf/header.js?v=0.95.1743:2786:11)
    at <anonymous> (https://static.smiler.com.br/hf/header.js?v=0.95.1743:1903:46)
[  849353ms] Uncaught TypeError: Cannot read properties of null (reading 'querySelector')
    at smlsManageMenuOption (https://static.smiler.com.br/hf/header.js?v=0.95.1743:1333:36)
    at initCommonsElements (https://static.smiler.com.br/hf/header.js?v=0.95.1743:1948:11)
    at init (https://static.smiler.com.br/hf/header.js?v=0.95.1743:2786:11)
    at <anonymous> (https://static.smiler.com.br/hf/header.js?v=0.95.1743:1903:46)
[  851351ms] Uncaught TypeError: Cannot read properties of null (reading 'querySelector')
    at smlsManageMenuOption (https://static.smiler.com.br/hf/header.js?v=0.95.1743:1333:36)
    at initCommonsElements (https://static.smiler.com.br/hf/header.js?v=0.95.1743:1948:11)
    at init (https://static.smiler.com.br/hf/header.js?v=0.95.1743:2786:11)
    at <anonymous> (https://static.smiler.com.br/hf/header.js?v=0.95.1743:1903:46)
[  853355ms] Uncaught TypeError: Cannot read properties of null (reading 'querySelector')
    at smlsManageMenuOption (https://static.smiler.com.br/hf/header.js?v=0.95.1743:1333:36)
    at initCommonsElements (https://static.smiler.com.br/hf/header.js?v=0.95.1743:1948:11)
    at init (https://static.smiler.com.br/hf/header.js?v=0.95.1743:2786:11)
    at <anonymous> (https://static.smiler.com.br/hf/header.js?v=0.95.1743:1903:46)
[  855356ms] Uncaught TypeError: Cannot read properties of null (reading 'querySelector')
    at smlsManageMenuOption (https://static.smiler.com.br/hf/header.js?v=0.95.1743:1333:36)
    at initCommonsElements (https://static.smiler.com.br/hf/header.js?v=0.95.1743:1948:11)
    at init (https://static.smiler.com.br/hf/header.js?v=0.95.1743:2786:11)
    at <anonymous> (https://static.smiler.com.br/hf/header.js?v=0.95.1743:1903:46)
[  857359ms] Uncaught TypeError: Cannot read properties of null (reading 'querySelector')
    at smlsManageMenuOption (https://static.smiler.com.br/hf/header.js?v=0.95.1743:1333:36)
    at initCommonsElements (https://static.smiler.com.br/hf/header.js?v=0.95.1743:1948:11)
    at init (https://static.smiler.com.br/hf/header.js?v=0.95.1743:2786:11)
    at <anonymous> (https://static.smiler.com.br/hf/header.js?v=0.95.1743:1903:46)
[  859360ms] Uncaught TypeError: Cannot read properties of null (reading 'querySelector')
    at smlsManageMenuOption (https://static.smiler.com.br/hf/header.js?v=0.95.1743:1333:36)
    at initCommonsElements (https://static.smiler.com.br/hf/header.js?v=0.95.1743:1948:11)
    at init (https://static.smiler.com.br/hf/header.js?v=0.95.1743:2786:11)
    at <anonymous> (https://static.smiler.com.br/hf/header.js?v=0.95.1743:1903:46)
[  861367ms] Uncaught TypeError: Cannot read properties of null (reading 'querySelector')
    at smlsManageMenuOption (https://static.smiler.com.br/hf/header.js?v=0.95.1743:1333:36)
    at initCommonsElements (https://static.smiler.com.br/hf/header.js?v=0.95.1743:1948:11)
    at init (https://static.smiler.com.br/hf/header.js?v=0.95.1743:2786:11)
    at <anonymous> (https://static.smiler.com.br/hf/header.js?v=0.95.1743:1903:46)
[  863364ms] Uncaught TypeError: Cannot read properties of null (reading 'querySelector')
    at smlsManageMenuOption (https://static.smiler.com.br/hf/header.js?v=0.95.1743:1333:36)
    at initCommonsElements (https://static.smiler.com.br/hf/header.js?v=0.95.1743:1948:11)
    at init (https://static.smiler.com.br/hf/header.js?v=0.95.1743:2786:11)
    at <anonymous> (https://static.smiler.com.br/hf/header.js?v=0.95.1743:1903:46)
[  865365ms] Uncaught TypeError: Cannot read properties of null (reading 'querySelector')
    at smlsManageMenuOption (https://static.smiler.com.br/hf/header.js?v=0.95.1743:1333:36)
    at initCommonsElements (https://static.smiler.com.br/hf/header.js?v=0.95.1743:1948:11)
    at init (https://static.smiler.com.br/hf/header.js?v=0.95.1743:2786:11)
    at <anonymous> (https://static.smiler.com.br/hf/header.js?v=0.95.1743:1903:46)
[  867369ms] Uncaught TypeError: Cannot read properties of null (reading 'querySelector')
    at smlsManageMenuOption (https://static.smiler.com.br/hf/header.js?v=0.95.1743:1333:36)
    at initCommonsElements (https://static.smiler.com.br/hf/header.js?v=0.95.1743:1948:11)
    at init (https://static.smiler.com.br/hf/header.js?v=0.95.1743:2786:11)
    at <anonymous> (https://static.smiler.com.br/hf/header.js?v=0.95.1743:1903:46)
[  869371ms] Uncaught TypeError: Cannot read properties of null (reading 'querySelector')
    at smlsManageMenuOption (https://static.smiler.com.br/hf/header.js?v=0.95.1743:1333:36)
    at initCommonsElements (https://static.smiler.com.br/hf/header.js?v=0.95.1743:1948:11)
    at init (https://static.smiler.com.br/hf/header.js?v=0.95.1743:2786:11)
    at <anonymous> (https://static.smiler.com.br/hf/header.js?v=0.95.1743:1903:46)
[  871374ms] Uncaught TypeError: Cannot read properties of null (reading 'querySelector')
    at smlsManageMenuOption (https://static.smiler.com.br/hf/header.js?v=0.95.1743:1333:36)
    at initCommonsElements (https://static.smiler.com.br/hf/header.js?v=0.95.1743:1948:11)
    at init (https://static.smiler.com.br/hf/header.js?v=0.95.1743:2786:11)
    at <anonymous> (https://static.smiler.com.br/hf/header.js?v=0.95.1743:1903:46)
[  873376ms] Uncaught TypeError: Cannot read properties of null (reading 'querySelector')
    at smlsManageMenuOption (https://static.smiler.com.br/hf/header.js?v=0.95.1743:1333:36)
    at initCommonsElements (https://static.smiler.com.br/hf/header.js?v=0.95.1743:1948:11)
    at init (https://static.smiler.com.br/hf/header.js?v=0.95.1743:2786:11)
    at <anonymous> (https://static.smiler.com.br/hf/header.js?v=0.95.1743:1903:46)
[  875382ms] Uncaught TypeError: Cannot read properties of null (reading 'querySelector')
    at smlsManageMenuOption (https://static.smiler.com.br/hf/header.js?v=0.95.1743:1333:36)
    at initCommonsElements (https://static.smiler.com.br/hf/header.js?v=0.95.1743:1948:11)
    at init (https://static.smiler.com.br/hf/header.js?v=0.95.1743:2786:11)
    at <anonymous> (https://static.smiler.com.br/hf/header.js?v=0.95.1743:1903:46)
[  877380ms] Uncaught TypeError: Cannot read properties of null (reading 'querySelector')
    at smlsManageMenuOption (https://static.smiler.com.br/hf/header.js?v=0.95.1743:1333:36)
    at initCommonsElements (https://static.smiler.com.br/hf/header.js?v=0.95.1743:1948:11)
    at init (https://static.smiler.com.br/hf/header.js?v=0.95.1743:2786:11)
    at <anonymous> (https://static.smiler.com.br/hf/header.js?v=0.95.1743:1903:46)
[  879382ms] Uncaught TypeError: Cannot read properties of null (reading 'querySelector')
    at smlsManageMenuOption (https://static.smiler.com.br/hf/header.js?v=0.95.1743:1333:36)
    at initCommonsElements (https://static.smiler.com.br/hf/header.js?v=0.95.1743:1948:11)
    at init (https://static.smiler.com.br/hf/header.js?v=0.95.1743:2786:11)
    at <anonymous> (https://static.smiler.com.br/hf/header.js?v=0.95.1743:1903:46)
[  881384ms] Uncaught TypeError: Cannot read properties of null (reading 'querySelector')
    at smlsManageMenuOption (https://static.smiler.com.br/hf/header.js?v=0.95.1743:1333:36)
    at initCommonsElements (https://static.smiler.com.br/hf/header.js?v=0.95.1743:1948:11)
    at init (https://static.smiler.com.br/hf/header.js?v=0.95.1743:2786:11)
    at <anonymous> (https://static.smiler.com.br/hf/header.js?v=0.95.1743:1903:46)
[  883386ms] Uncaught TypeError: Cannot read properties of null (reading 'querySelector')
    at smlsManageMenuOption (https://static.smiler.com.br/hf/header.js?v=0.95.1743:1333:36)
    at initCommonsElements (https://static.smiler.com.br/hf/header.js?v=0.95.1743:1948:11)
    at init (https://static.smiler.com.br/hf/header.js?v=0.95.1743:2786:11)
    at <anonymous> (https://static.smiler.com.br/hf/header.js?v=0.95.1743:1903:46)
[  885390ms] Uncaught TypeError: Cannot read properties of null (reading 'querySelector')
    at smlsManageMenuOption (https://static.smiler.com.br/hf/header.js?v=0.95.1743:1333:36)
    at initCommonsElements (https://static.smiler.com.br/hf/header.js?v=0.95.1743:1948:11)
    at init (https://static.smiler.com.br/hf/header.js?v=0.95.1743:2786:11)
    at <anonymous> (https://static.smiler.com.br/hf/header.js?v=0.95.1743:1903:46)
[  887395ms] Uncaught TypeError: Cannot read properties of null (reading 'querySelector')
    at smlsManageMenuOption (https://static.smiler.com.br/hf/header.js?v=0.95.1743:1333:36)
    at initCommonsElements (https://static.smiler.com.br/hf/header.js?v=0.95.1743:1948:11)
    at init (https://static.smiler.com.br/hf/header.js?v=0.95.1743:2786:11)
    at <anonymous> (https://static.smiler.com.br/hf/header.js?v=0.95.1743:1903:46)
[  889393ms] Uncaught TypeError: Cannot read properties of null (reading 'querySelector')
    at smlsManageMenuOption (https://static.smiler.com.br/hf/header.js?v=0.95.1743:1333:36)
    at initCommonsElements (https://static.smiler.com.br/hf/header.js?v=0.95.1743:1948:11)
    at init (https://static.smiler.com.br/hf/header.js?v=0.95.1743:2786:11)
    at <anonymous> (https://static.smiler.com.br/hf/header.js?v=0.95.1743:1903:46)
[  891395ms] Uncaught TypeError: Cannot read properties of null (reading 'querySelector')
    at smlsManageMenuOption (https://static.smiler.com.br/hf/header.js?v=0.95.1743:1333:36)
    at initCommonsElements (https://static.smiler.com.br/hf/header.js?v=0.95.1743:1948:11)
    at init (https://static.smiler.com.br/hf/header.js?v=0.95.1743:2786:11)
    at <anonymous> (https://static.smiler.com.br/hf/header.js?v=0.95.1743:1903:46)
[  893399ms] Uncaught TypeError: Cannot read properties of null (reading 'querySelector')
    at smlsManageMenuOption (https://static.smiler.com.br/hf/header.js?v=0.95.1743:1333:36)
    at initCommonsElements (https://static.smiler.com.br/hf/header.js?v=0.95.1743:1948:11)
    at init (https://static.smiler.com.br/hf/header.js?v=0.95.1743:2786:11)
    at <anonymous> (https://static.smiler.com.br/hf/header.js?v=0.95.1743:1903:46)
[  895401ms] Uncaught TypeError: Cannot read properties of null (reading 'querySelector')
    at smlsManageMenuOption (https://static.smiler.com.br/hf/header.js?v=0.95.1743:1333:36)
    at initCommonsElements (https://static.smiler.com.br/hf/header.js?v=0.95.1743:1948:11)
    at init (https://static.smiler.com.br/hf/header.js?v=0.95.1743:2786:11)
    at <anonymous> (https://static.smiler.com.br/hf/header.js?v=0.95.1743:1903:46)
[  897403ms] Uncaught TypeError: Cannot read properties of null (reading 'querySelector')
    at smlsManageMenuOption (https://static.smiler.com.br/hf/header.js?v=0.95.1743:1333:36)
    at initCommonsElements (https://static.smiler.com.br/hf/header.js?v=0.95.1743:1948:11)
    at init (https://static.smiler.com.br/hf/header.js?v=0.95.1743:2786:11)
    at <anonymous> (https://static.smiler.com.br/hf/header.js?v=0.95.1743:1903:46)
[  899406ms] Uncaught TypeError: Cannot read properties of null (reading 'querySelector')
    at smlsManageMenuOption (https://static.smiler.com.br/hf/header.js?v=0.95.1743:1333:36)
    at initCommonsElements (https://static.smiler.com.br/hf/header.js?v=0.95.1743:1948:11)
    at init (https://static.smiler.com.br/hf/header.js?v=0.95.1743:2786:11)
    at <anonymous> (https://static.smiler.com.br/hf/header.js?v=0.95.1743:1903:46)
[  901409ms] Uncaught TypeError: Cannot read properties of null (reading 'querySelector')
    at smlsManageMenuOption (https://static.smiler.com.br/hf/header.js?v=0.95.1743:1333:36)
    at initCommonsElements (https://static.smiler.com.br/hf/header.js?v=0.95.1743:1948:11)
    at init (https://static.smiler.com.br/hf/header.js?v=0.95.1743:2786:11)
    at <anonymous> (https://static.smiler.com.br/hf/header.js?v=0.95.1743:1903:46)
[  903411ms] Uncaught TypeError: Cannot read properties of null (reading 'querySelector')
    at smlsManageMenuOption (https://static.smiler.com.br/hf/header.js?v=0.95.1743:1333:36)
    at initCommonsElements (https://static.smiler.com.br/hf/header.js?v=0.95.1743:1948:11)
    at init (https://static.smiler.com.br/hf/header.js?v=0.95.1743:2786:11)
    at <anonymous> (https://static.smiler.com.br/hf/header.js?v=0.95.1743:1903:46)
[  905414ms] Uncaught TypeError: Cannot read properties of null (reading 'querySelector')
    at smlsManageMenuOption (https://static.smiler.com.br/hf/header.js?v=0.95.1743:1333:36)
    at initCommonsElements (https://static.smiler.com.br/hf/header.js?v=0.95.1743:1948:11)
    at init (https://static.smiler.com.br/hf/header.js?v=0.95.1743:2786:11)
    at <anonymous> (https://static.smiler.com.br/hf/header.js?v=0.95.1743:1903:46)
[  907417ms] Uncaught TypeError: Cannot read properties of null (reading 'querySelector')
    at smlsManageMenuOption (https://static.smiler.com.br/hf/header.js?v=0.95.1743:1333:36)
    at initCommonsElements (https://static.smiler.com.br/hf/header.js?v=0.95.1743:1948:11)
    at init (https://static.smiler.com.br/hf/header.js?v=0.95.1743:2786:11)
    at <anonymous> (https://static.smiler.com.br/hf/header.js?v=0.95.1743:1903:46)
[  909417ms] Uncaught TypeError: Cannot read properties of null (reading 'querySelector')
    at smlsManageMenuOption (https://static.smiler.com.br/hf/header.js?v=0.95.1743:1333:36)
    at initCommonsElements (https://static.smiler.com.br/hf/header.js?v=0.95.1743:1948:11)
    at init (https://static.smiler.com.br/hf/header.js?v=0.95.1743:2786:11)
    at <anonymous> (https://static.smiler.com.br/hf/header.js?v=0.95.1743:1903:46)
[  911419ms] Uncaught TypeError: Cannot read properties of null (reading 'querySelector')
    at smlsManageMenuOption (https://static.smiler.com.br/hf/header.js?v=0.95.1743:1333:36)
    at initCommonsElements (https://static.smiler.com.br/hf/header.js?v=0.95.1743:1948:11)
    at init (https://static.smiler.com.br/hf/header.js?v=0.95.1743:2786:11)
    at <anonymous> (https://static.smiler.com.br/hf/header.js?v=0.95.1743:1903:46)
[  913426ms] Uncaught TypeError: Cannot read properties of null (reading 'querySelector')
    at smlsManageMenuOption (https://static.smiler.com.br/hf/header.js?v=0.95.1743:1333:36)
    at initCommonsElements (https://static.smiler.com.br/hf/header.js?v=0.95.1743:1948:11)
    at init (https://static.smiler.com.br/hf/header.js?v=0.95.1743:2786:11)
    at <anonymous> (https://static.smiler.com.br/hf/header.js?v=0.95.1743:1903:46)
[  915426ms] Uncaught TypeError: Cannot read properties of null (reading 'querySelector')
    at smlsManageMenuOption (https://static.smiler.com.br/hf/header.js?v=0.95.1743:1333:36)
    at initCommonsElements (https://static.smiler.com.br/hf/header.js?v=0.95.1743:1948:11)
    at init (https://static.smiler.com.br/hf/header.js?v=0.95.1743:2786:11)
    at <anonymous> (https://static.smiler.com.br/hf/header.js?v=0.95.1743:1903:46)
[  917427ms] Uncaught TypeError: Cannot read properties of null (reading 'querySelector')
    at smlsManageMenuOption (https://static.smiler.com.br/hf/header.js?v=0.95.1743:1333:36)
    at initCommonsElements (https://static.smiler.com.br/hf/header.js?v=0.95.1743:1948:11)
    at init (https://static.smiler.com.br/hf/header.js?v=0.95.1743:2786:11)
    at <anonymous> (https://static.smiler.com.br/hf/header.js?v=0.95.1743:1903:46)
[  919429ms] Uncaught TypeError: Cannot read properties of null (reading 'querySelector')
    at smlsManageMenuOption (https://static.smiler.com.br/hf/header.js?v=0.95.1743:1333:36)
    at initCommonsElements (https://static.smiler.com.br/hf/header.js?v=0.95.1743:1948:11)
    at init (https://static.smiler.com.br/hf/header.js?v=0.95.1743:2786:11)
    at <anonymous> (https://static.smiler.com.br/hf/header.js?v=0.95.1743:1903:46)
[  921432ms] Uncaught TypeError: Cannot read properties of null (reading 'querySelector')
    at smlsManageMenuOption (https://static.smiler.com.br/hf/header.js?v=0.95.1743:1333:36)
    at initCommonsElements (https://static.smiler.com.br/hf/header.js?v=0.95.1743:1948:11)
    at init (https://static.smiler.com.br/hf/header.js?v=0.95.1743:2786:11)
    at <anonymous> (https://static.smiler.com.br/hf/header.js?v=0.95.1743:1903:46)
[  923434ms] Uncaught TypeError: Cannot read properties of null (reading 'querySelector')
    at smlsManageMenuOption (https://static.smiler.com.br/hf/header.js?v=0.95.1743:1333:36)
    at initCommonsElements (https://static.smiler.com.br/hf/header.js?v=0.95.1743:1948:11)
    at init (https://static.smiler.com.br/hf/header.js?v=0.95.1743:2786:11)
    at <anonymous> (https://static.smiler.com.br/hf/header.js?v=0.95.1743:1903:46)
[  925438ms] Uncaught TypeError: Cannot read properties of null (reading 'querySelector')
    at smlsManageMenuOption (https://static.smiler.com.br/hf/header.js?v=0.95.1743:1333:36)
    at initCommonsElements (https://static.smiler.com.br/hf/header.js?v=0.95.1743:1948:11)
    at init (https://static.smiler.com.br/hf/header.js?v=0.95.1743:2786:11)
    at <anonymous> (https://static.smiler.com.br/hf/header.js?v=0.95.1743:1903:46)
[  927439ms] Uncaught TypeError: Cannot read properties of null (reading 'querySelector')
    at smlsManageMenuOption (https://static.smiler.com.br/hf/header.js?v=0.95.1743:1333:36)
    at initCommonsElements (https://static.smiler.com.br/hf/header.js?v=0.95.1743:1948:11)
    at init (https://static.smiler.com.br/hf/header.js?v=0.95.1743:2786:11)
    at <anonymous> (https://static.smiler.com.br/hf/header.js?v=0.95.1743:1903:46)
[  929438ms] Uncaught TypeError: Cannot read properties of null (reading 'querySelector')
    at smlsManageMenuOption (https://static.smiler.com.br/hf/header.js?v=0.95.1743:1333:36)
    at initCommonsElements (https://static.smiler.com.br/hf/header.js?v=0.95.1743:1948:11)
    at init (https://static.smiler.com.br/hf/header.js?v=0.95.1743:2786:11)
    at <anonymous> (https://static.smiler.com.br/hf/header.js?v=0.95.1743:1903:46)
[  930332ms] [ERROR] Creating a worker from 'blob:https://www.smiles.com.br/b9747fb1-17c3-459a-ba88-0fae6ea6bdc3' violates the following Content Security Policy directive: "script-src 'unsafe-inline' 'unsafe-eval' https: localhost:*". Note that 'worker-src' was not explicitly set, so 'script-src' is used as a fallback. The action has been blocked. @ https://www.smiles.com.br/_lx-MWATM/tNJsL-Y/Wgg4mB6/2Kcg/w0t9hfEcau/B1p4AQ/MAstMGhu/MVUPAg?v=e33b60b4-2206-52f2-711f-e1f32ad91730:0
[  931442ms] Uncaught TypeError: Cannot read properties of null (reading 'querySelector')
    at smlsManageMenuOption (https://static.smiler.com.br/hf/header.js?v=0.95.1743:1333:36)
    at initCommonsElements (https://static.smiler.com.br/hf/header.js?v=0.95.1743:1948:11)
    at init (https://static.smiler.com.br/hf/header.js?v=0.95.1743:2786:11)
    at <anonymous> (https://static.smiler.com.br/hf/header.js?v=0.95.1743:1903:46)
[  933447ms] Uncaught TypeError: Cannot read properties of null (reading 'querySelector')
    at smlsManageMenuOption (https://static.smiler.com.br/hf/header.js?v=0.95.1743:1333:36)
    at initCommonsElements (https://static.smiler.com.br/hf/header.js?v=0.95.1743:1948:11)
    at init (https://static.smiler.com.br/hf/header.js?v=0.95.1743:2786:11)
    at <anonymous> (https://static.smiler.com.br/hf/header.js?v=0.95.1743:1903:46)
[  935443ms] Uncaught TypeError: Cannot read properties of null (reading 'querySelector')
    at smlsManageMenuOption (https://static.smiler.com.br/hf/header.js?v=0.95.1743:1333:36)
    at initCommonsElements (https://static.smiler.com.br/hf/header.js?v=0.95.1743:1948:11)
    at init (https://static.smiler.com.br/hf/header.js?v=0.95.1743:2786:11)
    at <anonymous> (https://static.smiler.com.br/hf/header.js?v=0.95.1743:1903:46)
[  937447ms] Uncaught TypeError: Cannot read properties of null (reading 'querySelector')
    at smlsManageMenuOption (https://static.smiler.com.br/hf/header.js?v=0.95.1743:1333:36)
    at initCommonsElements (https://static.smiler.com.br/hf/header.js?v=0.95.1743:1948:11)
    at init (https://static.smiler.com.br/hf/header.js?v=0.95.1743:2786:11)
    at <anonymous> (https://static.smiler.com.br/hf/header.js?v=0.95.1743:1903:46)
[  939448ms] Uncaught TypeError: Cannot read properties of null (reading 'querySelector')
    at smlsManageMenuOption (https://static.smiler.com.br/hf/header.js?v=0.95.1743:1333:36)
    at initCommonsElements (https://static.smiler.com.br/hf/header.js?v=0.95.1743:1948:11)
    at init (https://static.smiler.com.br/hf/header.js?v=0.95.1743:2786:11)
    at <anonymous> (https://static.smiler.com.br/hf/header.js?v=0.95.1743:1903:46)
[  941451ms] Uncaught TypeError: Cannot read properties of null (reading 'querySelector')
    at smlsManageMenuOption (https://static.smiler.com.br/hf/header.js?v=0.95.1743:1333:36)
    at initCommonsElements (https://static.smiler.com.br/hf/header.js?v=0.95.1743:1948:11)
    at init (https://static.smiler.com.br/hf/header.js?v=0.95.1743:2786:11)
    at <anonymous> (https://static.smiler.com.br/hf/header.js?v=0.95.1743:1903:46)
[  943453ms] Uncaught TypeError: Cannot read properties of null (reading 'querySelector')
    at smlsManageMenuOption (https://static.smiler.com.br/hf/header.js?v=0.95.1743:1333:36)
    at initCommonsElements (https://static.smiler.com.br/hf/header.js?v=0.95.1743:1948:11)
    at init (https://static.smiler.com.br/hf/header.js?v=0.95.1743:2786:11)
    at <anonymous> (https://static.smiler.com.br/hf/header.js?v=0.95.1743:1903:46)
[  945459ms] Uncaught TypeError: Cannot read properties of null (reading 'querySelector')
    at smlsManageMenuOption (https://static.smiler.com.br/hf/header.js?v=0.95.1743:1333:36)
    at initCommonsElements (https://static.smiler.com.br/hf/header.js?v=0.95.1743:1948:11)
    at init (https://static.smiler.com.br/hf/header.js?v=0.95.1743:2786:11)
    at <anonymous> (https://static.smiler.com.br/hf/header.js?v=0.95.1743:1903:46)
[  947457ms] Uncaught TypeError: Cannot read properties of null (reading 'querySelector')
    at smlsManageMenuOption (https://static.smiler.com.br/hf/header.js?v=0.95.1743:1333:36)
    at initCommonsElements (https://static.smiler.com.br/hf/header.js?v=0.95.1743:1948:11)
    at init (https://static.smiler.com.br/hf/header.js?v=0.95.1743:2786:11)
    at <anonymous> (https://static.smiler.com.br/hf/header.js?v=0.95.1743:1903:46)
[  949460ms] Uncaught TypeError: Cannot read properties of null (reading 'querySelector')
    at smlsManageMenuOption (https://static.smiler.com.br/hf/header.js?v=0.95.1743:1333:36)
    at initCommonsElements (https://static.smiler.com.br/hf/header.js?v=0.95.1743:1948:11)
    at init (https://static.smiler.com.br/hf/header.js?v=0.95.1743:2786:11)
    at <anonymous> (https://static.smiler.com.br/hf/header.js?v=0.95.1743:1903:46)
[  951463ms] Uncaught TypeError: Cannot read properties of null (reading 'querySelector')
    at smlsManageMenuOption (https://static.smiler.com.br/hf/header.js?v=0.95.1743:1333:36)
    at initCommonsElements (https://static.smiler.com.br/hf/header.js?v=0.95.1743:1948:11)
    at init (https://static.smiler.com.br/hf/header.js?v=0.95.1743:2786:11)
    at <anonymous> (https://static.smiler.com.br/hf/header.js?v=0.95.1743:1903:46)
[  953469ms] Uncaught TypeError: Cannot read properties of null (reading 'querySelector')
    at smlsManageMenuOption (https://static.smiler.com.br/hf/header.js?v=0.95.1743:1333:36)
    at initCommonsElements (https://static.smiler.com.br/hf/header.js?v=0.95.1743:1948:11)
    at init (https://static.smiler.com.br/hf/header.js?v=0.95.1743:2786:11)
    at <anonymous> (https://static.smiler.com.br/hf/header.js?v=0.95.1743:1903:46)
[  955466ms] Uncaught TypeError: Cannot read properties of null (reading 'querySelector')
    at smlsManageMenuOption (https://static.smiler.com.br/hf/header.js?v=0.95.1743:1333:36)
    at initCommonsElements (https://static.smiler.com.br/hf/header.js?v=0.95.1743:1948:11)
    at init (https://static.smiler.com.br/hf/header.js?v=0.95.1743:2786:11)
    at <anonymous> (https://static.smiler.com.br/hf/header.js?v=0.95.1743:1903:46)
[  957469ms] Uncaught TypeError: Cannot read properties of null (reading 'querySelector')
    at smlsManageMenuOption (https://static.smiler.com.br/hf/header.js?v=0.95.1743:1333:36)
    at initCommonsElements (https://static.smiler.com.br/hf/header.js?v=0.95.1743:1948:11)
    at init (https://static.smiler.com.br/hf/header.js?v=0.95.1743:2786:11)
    at <anonymous> (https://static.smiler.com.br/hf/header.js?v=0.95.1743:1903:46)
[  959473ms] Uncaught TypeError: Cannot read properties of null (reading 'querySelector')
    at smlsManageMenuOption (https://static.smiler.com.br/hf/header.js?v=0.95.1743:1333:36)
    at initCommonsElements (https://static.smiler.com.br/hf/header.js?v=0.95.1743:1948:11)
    at init (https://static.smiler.com.br/hf/header.js?v=0.95.1743:2786:11)
    at <anonymous> (https://static.smiler.com.br/hf/header.js?v=0.95.1743:1903:46)
[  961474ms] Uncaught TypeError: Cannot read properties of null (reading 'querySelector')
    at smlsManageMenuOption (https://static.smiler.com.br/hf/header.js?v=0.95.1743:1333:36)
    at initCommonsElements (https://static.smiler.com.br/hf/header.js?v=0.95.1743:1948:11)
    at init (https://static.smiler.com.br/hf/header.js?v=0.95.1743:2786:11)
    at <anonymous> (https://static.smiler.com.br/hf/header.js?v=0.95.1743:1903:46)
[  963476ms] Uncaught TypeError: Cannot read properties of null (reading 'querySelector')
    at smlsManageMenuOption (https://static.smiler.com.br/hf/header.js?v=0.95.1743:1333:36)
    at initCommonsElements (https://static.smiler.com.br/hf/header.js?v=0.95.1743:1948:11)
    at init (https://static.smiler.com.br/hf/header.js?v=0.95.1743:2786:11)
    at <anonymous> (https://static.smiler.com.br/hf/header.js?v=0.95.1743:1903:46)
[  965477ms] Uncaught TypeError: Cannot read properties of null (reading 'querySelector')
    at smlsManageMenuOption (https://static.smiler.com.br/hf/header.js?v=0.95.1743:1333:36)
    at initCommonsElements (https://static.smiler.com.br/hf/header.js?v=0.95.1743:1948:11)
    at init (https://static.smiler.com.br/hf/header.js?v=0.95.1743:2786:11)
    at <anonymous> (https://static.smiler.com.br/hf/header.js?v=0.95.1743:1903:46)
[  967478ms] Uncaught TypeError: Cannot read properties of null (reading 'querySelector')
    at smlsManageMenuOption (https://static.smiler.com.br/hf/header.js?v=0.95.1743:1333:36)
    at initCommonsElements (https://static.smiler.com.br/hf/header.js?v=0.95.1743:1948:11)
    at init (https://static.smiler.com.br/hf/header.js?v=0.95.1743:2786:11)
    at <anonymous> (https://static.smiler.com.br/hf/header.js?v=0.95.1743:1903:46)
[  969481ms] Uncaught TypeError: Cannot read properties of null (reading 'querySelector')
    at smlsManageMenuOption (https://static.smiler.com.br/hf/header.js?v=0.95.1743:1333:36)
    at initCommonsElements (https://static.smiler.com.br/hf/header.js?v=0.95.1743:1948:11)
    at init (https://static.smiler.com.br/hf/header.js?v=0.95.1743:2786:11)
    at <anonymous> (https://static.smiler.com.br/hf/header.js?v=0.95.1743:1903:46)
[  971483ms] Uncaught TypeError: Cannot read properties of null (reading 'querySelector')
    at smlsManageMenuOption (https://static.smiler.com.br/hf/header.js?v=0.95.1743:1333:36)
    at initCommonsElements (https://static.smiler.com.br/hf/header.js?v=0.95.1743:1948:11)
    at init (https://static.smiler.com.br/hf/header.js?v=0.95.1743:2786:11)
    at <anonymous> (https://static.smiler.com.br/hf/header.js?v=0.95.1743:1903:46)
[  973485ms] Uncaught TypeError: Cannot read properties of null (reading 'querySelector')
    at smlsManageMenuOption (https://static.smiler.com.br/hf/header.js?v=0.95.1743:1333:36)
    at initCommonsElements (https://static.smiler.com.br/hf/header.js?v=0.95.1743:1948:11)
    at init (https://static.smiler.com.br/hf/header.js?v=0.95.1743:2786:11)
    at <anonymous> (https://static.smiler.com.br/hf/header.js?v=0.95.1743:1903:46)
[  975486ms] Uncaught TypeError: Cannot read properties of null (reading 'querySelector')
    at smlsManageMenuOption (https://static.smiler.com.br/hf/header.js?v=0.95.1743:1333:36)
    at initCommonsElements (https://static.smiler.com.br/hf/header.js?v=0.95.1743:1948:11)
    at init (https://static.smiler.com.br/hf/header.js?v=0.95.1743:2786:11)
    at <anonymous> (https://static.smiler.com.br/hf/header.js?v=0.95.1743:1903:46)
[  977490ms] Uncaught TypeError: Cannot read properties of null (reading 'querySelector')
    at smlsManageMenuOption (https://static.smiler.com.br/hf/header.js?v=0.95.1743:1333:36)
    at initCommonsElements (https://static.smiler.com.br/hf/header.js?v=0.95.1743:1948:11)
    at init (https://static.smiler.com.br/hf/header.js?v=0.95.1743:2786:11)
    at <anonymous> (https://static.smiler.com.br/hf/header.js?v=0.95.1743:1903:46)
[  979489ms] Uncaught TypeError: Cannot read properties of null (reading 'querySelector')
    at smlsManageMenuOption (https://static.smiler.com.br/hf/header.js?v=0.95.1743:1333:36)
    at initCommonsElements (https://static.smiler.com.br/hf/header.js?v=0.95.1743:1948:11)
    at init (https://static.smiler.com.br/hf/header.js?v=0.95.1743:2786:11)
    at <anonymous> (https://static.smiler.com.br/hf/header.js?v=0.95.1743:1903:46)
[  981491ms] Uncaught TypeError: Cannot read properties of null (reading 'querySelector')
    at smlsManageMenuOption (https://static.smiler.com.br/hf/header.js?v=0.95.1743:1333:36)
    at initCommonsElements (https://static.smiler.com.br/hf/header.js?v=0.95.1743:1948:11)
    at init (https://static.smiler.com.br/hf/header.js?v=0.95.1743:2786:11)
    at <anonymous> (https://static.smiler.com.br/hf/header.js?v=0.95.1743:1903:46)
[  983494ms] Uncaught TypeError: Cannot read properties of null (reading 'querySelector')
    at smlsManageMenuOption (https://static.smiler.com.br/hf/header.js?v=0.95.1743:1333:36)
    at initCommonsElements (https://static.smiler.com.br/hf/header.js?v=0.95.1743:1948:11)
    at init (https://static.smiler.com.br/hf/header.js?v=0.95.1743:2786:11)
    at <anonymous> (https://static.smiler.com.br/hf/header.js?v=0.95.1743:1903:46)
[  985493ms] Uncaught TypeError: Cannot read properties of null (reading 'querySelector')
    at smlsManageMenuOption (https://static.smiler.com.br/hf/header.js?v=0.95.1743:1333:36)
    at initCommonsElements (https://static.smiler.com.br/hf/header.js?v=0.95.1743:1948:11)
    at init (https://static.smiler.com.br/hf/header.js?v=0.95.1743:2786:11)
    at <anonymous> (https://static.smiler.com.br/hf/header.js?v=0.95.1743:1903:46)
[  987495ms] Uncaught TypeError: Cannot read properties of null (reading 'querySelector')
    at smlsManageMenuOption (https://static.smiler.com.br/hf/header.js?v=0.95.1743:1333:36)
    at initCommonsElements (https://static.smiler.com.br/hf/header.js?v=0.95.1743:1948:11)
    at init (https://static.smiler.com.br/hf/header.js?v=0.95.1743:2786:11)
    at <anonymous> (https://static.smiler.com.br/hf/header.js?v=0.95.1743:1903:46)
[  989496ms] Uncaught TypeError: Cannot read properties of null (reading 'querySelector')
    at smlsManageMenuOption (https://static.smiler.com.br/hf/header.js?v=0.95.1743:1333:36)
    at initCommonsElements (https://static.smiler.com.br/hf/header.js?v=0.95.1743:1948:11)
    at init (https://static.smiler.com.br/hf/header.js?v=0.95.1743:2786:11)
    at <anonymous> (https://static.smiler.com.br/hf/header.js?v=0.95.1743:1903:46)
[  991498ms] Uncaught TypeError: Cannot read properties of null (reading 'querySelector')
    at smlsManageMenuOption (https://static.smiler.com.br/hf/header.js?v=0.95.1743:1333:36)
    at initCommonsElements (https://static.smiler.com.br/hf/header.js?v=0.95.1743:1948:11)
    at init (https://static.smiler.com.br/hf/header.js?v=0.95.1743:2786:11)
    at <anonymous> (https://static.smiler.com.br/hf/header.js?v=0.95.1743:1903:46)
[  993501ms] Uncaught TypeError: Cannot read properties of null (reading 'querySelector')
    at smlsManageMenuOption (https://static.smiler.com.br/hf/header.js?v=0.95.1743:1333:36)
    at initCommonsElements (https://static.smiler.com.br/hf/header.js?v=0.95.1743:1948:11)
    at init (https://static.smiler.com.br/hf/header.js?v=0.95.1743:2786:11)
    at <anonymous> (https://static.smiler.com.br/hf/header.js?v=0.95.1743:1903:46)
[  995502ms] Uncaught TypeError: Cannot read properties of null (reading 'querySelector')
    at smlsManageMenuOption (https://static.smiler.com.br/hf/header.js?v=0.95.1743:1333:36)
    at initCommonsElements (https://static.smiler.com.br/hf/header.js?v=0.95.1743:1948:11)
    at init (https://static.smiler.com.br/hf/header.js?v=0.95.1743:2786:11)
    at <anonymous> (https://static.smiler.com.br/hf/header.js?v=0.95.1743:1903:46)
[  997508ms] Uncaught TypeError: Cannot read properties of null (reading 'querySelector')
    at smlsManageMenuOption (https://static.smiler.com.br/hf/header.js?v=0.95.1743:1333:36)
    at initCommonsElements (https://static.smiler.com.br/hf/header.js?v=0.95.1743:1948:11)
    at init (https://static.smiler.com.br/hf/header.js?v=0.95.1743:2786:11)
    at <anonymous> (https://static.smiler.com.br/hf/header.js?v=0.95.1743:1903:46)
[  999507ms] Uncaught TypeError: Cannot read properties of null (reading 'querySelector')
    at smlsManageMenuOption (https://static.smiler.com.br/hf/header.js?v=0.95.1743:1333:36)
    at initCommonsElements (https://static.smiler.com.br/hf/header.js?v=0.95.1743:1948:11)
    at init (https://static.smiler.com.br/hf/header.js?v=0.95.1743:2786:11)
    at <anonymous> (https://static.smiler.com.br/hf/header.js?v=0.95.1743:1903:46)
[ 1001508ms] Uncaught TypeError: Cannot read properties of null (reading 'querySelector')
    at smlsManageMenuOption (https://static.smiler.com.br/hf/header.js?v=0.95.1743:1333:36)
    at initCommonsElements (https://static.smiler.com.br/hf/header.js?v=0.95.1743:1948:11)
    at init (https://static.smiler.com.br/hf/header.js?v=0.95.1743:2786:11)
    at <anonymous> (https://static.smiler.com.br/hf/header.js?v=0.95.1743:1903:46)
[ 1003510ms] Uncaught TypeError: Cannot read properties of null (reading 'querySelector')
    at smlsManageMenuOption (https://static.smiler.com.br/hf/header.js?v=0.95.1743:1333:36)
    at initCommonsElements (https://static.smiler.com.br/hf/header.js?v=0.95.1743:1948:11)
    at init (https://static.smiler.com.br/hf/header.js?v=0.95.1743:2786:11)
    at <anonymous> (https://static.smiler.com.br/hf/header.js?v=0.95.1743:1903:46)
[ 1005512ms] Uncaught TypeError: Cannot read properties of null (reading 'querySelector')
    at smlsManageMenuOption (https://static.smiler.com.br/hf/header.js?v=0.95.1743:1333:36)
    at initCommonsElements (https://static.smiler.com.br/hf/header.js?v=0.95.1743:1948:11)
    at init (https://static.smiler.com.br/hf/header.js?v=0.95.1743:2786:11)
    at <anonymous> (https://static.smiler.com.br/hf/header.js?v=0.95.1743:1903:46)
[ 1007518ms] Uncaught TypeError: Cannot read properties of null (reading 'querySelector')
    at smlsManageMenuOption (https://static.smiler.com.br/hf/header.js?v=0.95.1743:1333:36)
    at initCommonsElements (https://static.smiler.com.br/hf/header.js?v=0.95.1743:1948:11)
    at init (https://static.smiler.com.br/hf/header.js?v=0.95.1743:2786:11)
    at <anonymous> (https://static.smiler.com.br/hf/header.js?v=0.95.1743:1903:46)
[ 1009517ms] Uncaught TypeError: Cannot read properties of null (reading 'querySelector')
    at smlsManageMenuOption (https://static.smiler.com.br/hf/header.js?v=0.95.1743:1333:36)
    at initCommonsElements (https://static.smiler.com.br/hf/header.js?v=0.95.1743:1948:11)
    at init (https://static.smiler.com.br/hf/header.js?v=0.95.1743:2786:11)
    at <anonymous> (https://static.smiler.com.br/hf/header.js?v=0.95.1743:1903:46)
[ 1011520ms] Uncaught TypeError: Cannot read properties of null (reading 'querySelector')
    at smlsManageMenuOption (https://static.smiler.com.br/hf/header.js?v=0.95.1743:1333:36)
    at initCommonsElements (https://static.smiler.com.br/hf/header.js?v=0.95.1743:1948:11)
    at init (https://static.smiler.com.br/hf/header.js?v=0.95.1743:2786:11)
    at <anonymous> (https://static.smiler.com.br/hf/header.js?v=0.95.1743:1903:46)
[ 1013524ms] Uncaught TypeError: Cannot read properties of null (reading 'querySelector')
    at smlsManageMenuOption (https://static.smiler.com.br/hf/header.js?v=0.95.1743:1333:36)
    at initCommonsElements (https://static.smiler.com.br/hf/header.js?v=0.95.1743:1948:11)
    at init (https://static.smiler.com.br/hf/header.js?v=0.95.1743:2786:11)
    at <anonymous> (https://static.smiler.com.br/hf/header.js?v=0.95.1743:1903:46)
[ 1015528ms] Uncaught TypeError: Cannot read properties of null (reading 'querySelector')
    at smlsManageMenuOption (https://static.smiler.com.br/hf/header.js?v=0.95.1743:1333:36)
    at initCommonsElements (https://static.smiler.com.br/hf/header.js?v=0.95.1743:1948:11)
    at init (https://static.smiler.com.br/hf/header.js?v=0.95.1743:2786:11)
    at <anonymous> (https://static.smiler.com.br/hf/header.js?v=0.95.1743:1903:46)
[ 1017526ms] Uncaught TypeError: Cannot read properties of null (reading 'querySelector')
    at smlsManageMenuOption (https://static.smiler.com.br/hf/header.js?v=0.95.1743:1333:36)
    at initCommonsElements (https://static.smiler.com.br/hf/header.js?v=0.95.1743:1948:11)
    at init (https://static.smiler.com.br/hf/header.js?v=0.95.1743:2786:11)
    at <anonymous> (https://static.smiler.com.br/hf/header.js?v=0.95.1743:1903:46)
[ 1019530ms] Uncaught TypeError: Cannot read properties of null (reading 'querySelector')
    at smlsManageMenuOption (https://static.smiler.com.br/hf/header.js?v=0.95.1743:1333:36)
    at initCommonsElements (https://static.smiler.com.br/hf/header.js?v=0.95.1743:1948:11)
    at init (https://static.smiler.com.br/hf/header.js?v=0.95.1743:2786:11)
    at <anonymous> (https://static.smiler.com.br/hf/header.js?v=0.95.1743:1903:46)
[ 1021531ms] Uncaught TypeError: Cannot read properties of null (reading 'querySelector')
    at smlsManageMenuOption (https://static.smiler.com.br/hf/header.js?v=0.95.1743:1333:36)
    at initCommonsElements (https://static.smiler.com.br/hf/header.js?v=0.95.1743:1948:11)
    at init (https://static.smiler.com.br/hf/header.js?v=0.95.1743:2786:11)
    at <anonymous> (https://static.smiler.com.br/hf/header.js?v=0.95.1743:1903:46)
[ 1023538ms] Uncaught TypeError: Cannot read properties of null (reading 'querySelector')
    at smlsManageMenuOption (https://static.smiler.com.br/hf/header.js?v=0.95.1743:1333:36)
    at initCommonsElements (https://static.smiler.com.br/hf/header.js?v=0.95.1743:1948:11)
    at init (https://static.smiler.com.br/hf/header.js?v=0.95.1743:2786:11)
    at <anonymous> (https://static.smiler.com.br/hf/header.js?v=0.95.1743:1903:46)
[ 1025536ms] Uncaught TypeError: Cannot read properties of null (reading 'querySelector')
    at smlsManageMenuOption (https://static.smiler.com.br/hf/header.js?v=0.95.1743:1333:36)
    at initCommonsElements (https://static.smiler.com.br/hf/header.js?v=0.95.1743:1948:11)
    at init (https://static.smiler.com.br/hf/header.js?v=0.95.1743:2786:11)
    at <anonymous> (https://static.smiler.com.br/hf/header.js?v=0.95.1743:1903:46)
[ 1027538ms] Uncaught TypeError: Cannot read properties of null (reading 'querySelector')
    at smlsManageMenuOption (https://static.smiler.com.br/hf/header.js?v=0.95.1743:1333:36)
    at initCommonsElements (https://static.smiler.com.br/hf/header.js?v=0.95.1743:1948:11)
    at init (https://static.smiler.com.br/hf/header.js?v=0.95.1743:2786:11)
    at <anonymous> (https://static.smiler.com.br/hf/header.js?v=0.95.1743:1903:46)
[ 1029540ms] Uncaught TypeError: Cannot read properties of null (reading 'querySelector')
    at smlsManageMenuOption (https://static.smiler.com.br/hf/header.js?v=0.95.1743:1333:36)
    at initCommonsElements (https://static.smiler.com.br/hf/header.js?v=0.95.1743:1948:11)
    at init (https://static.smiler.com.br/hf/header.js?v=0.95.1743:2786:11)
    at <anonymous> (https://static.smiler.com.br/hf/header.js?v=0.95.1743:1903:46)
[ 1031544ms] Uncaught TypeError: Cannot read properties of null (reading 'querySelector')
    at smlsManageMenuOption (https://static.smiler.com.br/hf/header.js?v=0.95.1743:1333:36)
    at initCommonsElements (https://static.smiler.com.br/hf/header.js?v=0.95.1743:1948:11)
    at init (https://static.smiler.com.br/hf/header.js?v=0.95.1743:2786:11)
    at <anonymous> (https://static.smiler.com.br/hf/header.js?v=0.95.1743:1903:46)
[ 1033546ms] Uncaught TypeError: Cannot read properties of null (reading 'querySelector')
    at smlsManageMenuOption (https://static.smiler.com.br/hf/header.js?v=0.95.1743:1333:36)
    at initCommonsElements (https://static.smiler.com.br/hf/header.js?v=0.95.1743:1948:11)
    at init (https://static.smiler.com.br/hf/header.js?v=0.95.1743:2786:11)
    at <anonymous> (https://static.smiler.com.br/hf/header.js?v=0.95.1743:1903:46)
[ 1035551ms] Uncaught TypeError: Cannot read properties of null (reading 'querySelector')
    at smlsManageMenuOption (https://static.smiler.com.br/hf/header.js?v=0.95.1743:1333:36)
    at initCommonsElements (https://static.smiler.com.br/hf/header.js?v=0.95.1743:1948:11)
    at init (https://static.smiler.com.br/hf/header.js?v=0.95.1743:2786:11)
    at <anonymous> (https://static.smiler.com.br/hf/header.js?v=0.95.1743:1903:46)
[ 1037549ms] Uncaught TypeError: Cannot read properties of null (reading 'querySelector')
    at smlsManageMenuOption (https://static.smiler.com.br/hf/header.js?v=0.95.1743:1333:36)
    at initCommonsElements (https://static.smiler.com.br/hf/header.js?v=0.95.1743:1948:11)
    at init (https://static.smiler.com.br/hf/header.js?v=0.95.1743:2786:11)
    at <anonymous> (https://static.smiler.com.br/hf/header.js?v=0.95.1743:1903:46)
[ 1039555ms] Uncaught TypeError: Cannot read properties of null (reading 'querySelector')
    at smlsManageMenuOption (https://static.smiler.com.br/hf/header.js?v=0.95.1743:1333:36)
    at initCommonsElements (https://static.smiler.com.br/hf/header.js?v=0.95.1743:1948:11)
    at init (https://static.smiler.com.br/hf/header.js?v=0.95.1743:2786:11)
    at <anonymous> (https://static.smiler.com.br/hf/header.js?v=0.95.1743:1903:46)
[ 1041555ms] Uncaught TypeError: Cannot read properties of null (reading 'querySelector')
    at smlsManageMenuOption (https://static.smiler.com.br/hf/header.js?v=0.95.1743:1333:36)
    at initCommonsElements (https://static.smiler.com.br/hf/header.js?v=0.95.1743:1948:11)
    at init (https://static.smiler.com.br/hf/header.js?v=0.95.1743:2786:11)
    at <anonymous> (https://static.smiler.com.br/hf/header.js?v=0.95.1743:1903:46)
[ 1043557ms] Uncaught TypeError: Cannot read properties of null (reading 'querySelector')
    at smlsManageMenuOption (https://static.smiler.com.br/hf/header.js?v=0.95.1743:1333:36)
    at initCommonsElements (https://static.smiler.com.br/hf/header.js?v=0.95.1743:1948:11)
    at init (https://static.smiler.com.br/hf/header.js?v=0.95.1743:2786:11)
    at <anonymous> (https://static.smiler.com.br/hf/header.js?v=0.95.1743:1903:46)
[ 1045556ms] Uncaught TypeError: Cannot read properties of null (reading 'querySelector')
    at smlsManageMenuOption (https://static.smiler.com.br/hf/header.js?v=0.95.1743:1333:36)
    at initCommonsElements (https://static.smiler.com.br/hf/header.js?v=0.95.1743:1948:11)
    at init (https://static.smiler.com.br/hf/header.js?v=0.95.1743:2786:11)
    at <anonymous> (https://static.smiler.com.br/hf/header.js?v=0.95.1743:1903:46)
[ 1047558ms] Uncaught TypeError: Cannot read properties of null (reading 'querySelector')
    at smlsManageMenuOption (https://static.smiler.com.br/hf/header.js?v=0.95.1743:1333:36)
    at initCommonsElements (https://static.smiler.com.br/hf/header.js?v=0.95.1743:1948:11)
    at init (https://static.smiler.com.br/hf/header.js?v=0.95.1743:2786:11)
    at <anonymous> (https://static.smiler.com.br/hf/header.js?v=0.95.1743:1903:46)
[ 1049567ms] Uncaught TypeError: Cannot read properties of null (reading 'querySelector')
    at smlsManageMenuOption (https://static.smiler.com.br/hf/header.js?v=0.95.1743:1333:36)
    at initCommonsElements (https://static.smiler.com.br/hf/header.js?v=0.95.1743:1948:11)
    at init (https://static.smiler.com.br/hf/header.js?v=0.95.1743:2786:11)
    at <anonymous> (https://static.smiler.com.br/hf/header.js?v=0.95.1743:1903:46)
[ 1051563ms] Uncaught TypeError: Cannot read properties of null (reading 'querySelector')
    at smlsManageMenuOption (https://static.smiler.com.br/hf/header.js?v=0.95.1743:1333:36)
    at initCommonsElements (https://static.smiler.com.br/hf/header.js?v=0.95.1743:1948:11)
    at init (https://static.smiler.com.br/hf/header.js?v=0.95.1743:2786:11)
    at <anonymous> (https://static.smiler.com.br/hf/header.js?v=0.95.1743:1903:46)
[ 1053564ms] Uncaught TypeError: Cannot read properties of null (reading 'querySelector')
    at smlsManageMenuOption (https://static.smiler.com.br/hf/header.js?v=0.95.1743:1333:36)
    at initCommonsElements (https://static.smiler.com.br/hf/header.js?v=0.95.1743:1948:11)
    at init (https://static.smiler.com.br/hf/header.js?v=0.95.1743:2786:11)
    at <anonymous> (https://static.smiler.com.br/hf/header.js?v=0.95.1743:1903:46)
[ 1055566ms] Uncaught TypeError: Cannot read properties of null (reading 'querySelector')
    at smlsManageMenuOption (https://static.smiler.com.br/hf/header.js?v=0.95.1743:1333:36)
    at initCommonsElements (https://static.smiler.com.br/hf/header.js?v=0.95.1743:1948:11)
    at init (https://static.smiler.com.br/hf/header.js?v=0.95.1743:2786:11)
    at <anonymous> (https://static.smiler.com.br/hf/header.js?v=0.95.1743:1903:46)
[ 1057569ms] Uncaught TypeError: Cannot read properties of null (reading 'querySelector')
    at smlsManageMenuOption (https://static.smiler.com.br/hf/header.js?v=0.95.1743:1333:36)
    at initCommonsElements (https://static.smiler.com.br/hf/header.js?v=0.95.1743:1948:11)
    at init (https://static.smiler.com.br/hf/header.js?v=0.95.1743:2786:11)
    at <anonymous> (https://static.smiler.com.br/hf/header.js?v=0.95.1743:1903:46)
[ 1059572ms] Uncaught TypeError: Cannot read properties of null (reading 'querySelector')
    at smlsManageMenuOption (https://static.smiler.com.br/hf/header.js?v=0.95.1743:1333:36)
    at initCommonsElements (https://static.smiler.com.br/hf/header.js?v=0.95.1743:1948:11)
    at init (https://static.smiler.com.br/hf/header.js?v=0.95.1743:2786:11)
    at <anonymous> (https://static.smiler.com.br/hf/header.js?v=0.95.1743:1903:46)
[ 1061573ms] Uncaught TypeError: Cannot read properties of null (reading 'querySelector')
    at smlsManageMenuOption (https://static.smiler.com.br/hf/header.js?v=0.95.1743:1333:36)
    at initCommonsElements (https://static.smiler.com.br/hf/header.js?v=0.95.1743:1948:11)
    at init (https://static.smiler.com.br/hf/header.js?v=0.95.1743:2786:11)
    at <anonymous> (https://static.smiler.com.br/hf/header.js?v=0.95.1743:1903:46)
[ 1063581ms] Uncaught TypeError: Cannot read properties of null (reading 'querySelector')
    at smlsManageMenuOption (https://static.smiler.com.br/hf/header.js?v=0.95.1743:1333:36)
    at initCommonsElements (https://static.smiler.com.br/hf/header.js?v=0.95.1743:1948:11)
    at init (https://static.smiler.com.br/hf/header.js?v=0.95.1743:2786:11)
    at <anonymous> (https://static.smiler.com.br/hf/header.js?v=0.95.1743:1903:46)
[ 1065577ms] Uncaught TypeError: Cannot read properties of null (reading 'querySelector')
    at smlsManageMenuOption (https://static.smiler.com.br/hf/header.js?v=0.95.1743:1333:36)
    at initCommonsElements (https://static.smiler.com.br/hf/header.js?v=0.95.1743:1948:11)
    at init (https://static.smiler.com.br/hf/header.js?v=0.95.1743:2786:11)
    at <anonymous> (https://static.smiler.com.br/hf/header.js?v=0.95.1743:1903:46)
[ 1067581ms] Uncaught TypeError: Cannot read properties of null (reading 'querySelector')
    at smlsManageMenuOption (https://static.smiler.com.br/hf/header.js?v=0.95.1743:1333:36)
    at initCommonsElements (https://static.smiler.com.br/hf/header.js?v=0.95.1743:1948:11)
    at init (https://static.smiler.com.br/hf/header.js?v=0.95.1743:2786:11)
    at <anonymous> (https://static.smiler.com.br/hf/header.js?v=0.95.1743:1903:46)
[ 1069584ms] Uncaught TypeError: Cannot read properties of null (reading 'querySelector')
    at smlsManageMenuOption (https://static.smiler.com.br/hf/header.js?v=0.95.1743:1333:36)
    at initCommonsElements (https://static.smiler.com.br/hf/header.js?v=0.95.1743:1948:11)
    at init (https://static.smiler.com.br/hf/header.js?v=0.95.1743:2786:11)
    at <anonymous> (https://static.smiler.com.br/hf/header.js?v=0.95.1743:1903:46)
[ 1071586ms] Uncaught TypeError: Cannot read properties of null (reading 'querySelector')
    at smlsManageMenuOption (https://static.smiler.com.br/hf/header.js?v=0.95.1743:1333:36)
    at initCommonsElements (https://static.smiler.com.br/hf/header.js?v=0.95.1743:1948:11)
    at init (https://static.smiler.com.br/hf/header.js?v=0.95.1743:2786:11)
    at <anonymous> (https://static.smiler.com.br/hf/header.js?v=0.95.1743:1903:46)
[ 1073589ms] Uncaught TypeError: Cannot read properties of null (reading 'querySelector')
    at smlsManageMenuOption (https://static.smiler.com.br/hf/header.js?v=0.95.1743:1333:36)
    at initCommonsElements (https://static.smiler.com.br/hf/header.js?v=0.95.1743:1948:11)
    at init (https://static.smiler.com.br/hf/header.js?v=0.95.1743:2786:11)
    at <anonymous> (https://static.smiler.com.br/hf/header.js?v=0.95.1743:1903:46)
[ 1075592ms] Uncaught TypeError: Cannot read properties of null (reading 'querySelector')
    at smlsManageMenuOption (https://static.smiler.com.br/hf/header.js?v=0.95.1743:1333:36)
    at initCommonsElements (https://static.smiler.com.br/hf/header.js?v=0.95.1743:1948:11)
    at init (https://static.smiler.com.br/hf/header.js?v=0.95.1743:2786:11)
    at <anonymous> (https://static.smiler.com.br/hf/header.js?v=0.95.1743:1903:46)
[ 1077595ms] Uncaught TypeError: Cannot read properties of null (reading 'querySelector')
    at smlsManageMenuOption (https://static.smiler.com.br/hf/header.js?v=0.95.1743:1333:36)
    at initCommonsElements (https://static.smiler.com.br/hf/header.js?v=0.95.1743:1948:11)
    at init (https://static.smiler.com.br/hf/header.js?v=0.95.1743:2786:11)
    at <anonymous> (https://static.smiler.com.br/hf/header.js?v=0.95.1743:1903:46)
[ 1079601ms] Uncaught TypeError: Cannot read properties of null (reading 'querySelector')
    at smlsManageMenuOption (https://static.smiler.com.br/hf/header.js?v=0.95.1743:1333:36)
    at initCommonsElements (https://static.smiler.com.br/hf/header.js?v=0.95.1743:1948:11)
    at init (https://static.smiler.com.br/hf/header.js?v=0.95.1743:2786:11)
    at <anonymous> (https://static.smiler.com.br/hf/header.js?v=0.95.1743:1903:46)
[ 1081600ms] Uncaught TypeError: Cannot read properties of null (reading 'querySelector')
    at smlsManageMenuOption (https://static.smiler.com.br/hf/header.js?v=0.95.1743:1333:36)
    at initCommonsElements (https://static.smiler.com.br/hf/header.js?v=0.95.1743:1948:11)
    at init (https://static.smiler.com.br/hf/header.js?v=0.95.1743:2786:11)
    at <anonymous> (https://static.smiler.com.br/hf/header.js?v=0.95.1743:1903:46)
[ 1083606ms] Uncaught TypeError: Cannot read properties of null (reading 'querySelector')
    at smlsManageMenuOption (https://static.smiler.com.br/hf/header.js?v=0.95.1743:1333:36)
    at initCommonsElements (https://static.smiler.com.br/hf/header.js?v=0.95.1743:1948:11)
    at init (https://static.smiler.com.br/hf/header.js?v=0.95.1743:2786:11)
    at <anonymous> (https://static.smiler.com.br/hf/header.js?v=0.95.1743:1903:46)
[ 1085604ms] Uncaught TypeError: Cannot read properties of null (reading 'querySelector')
    at smlsManageMenuOption (https://static.smiler.com.br/hf/header.js?v=0.95.1743:1333:36)
    at initCommonsElements (https://static.smiler.com.br/hf/header.js?v=0.95.1743:1948:11)
    at init (https://static.smiler.com.br/hf/header.js?v=0.95.1743:2786:11)
    at <anonymous> (https://static.smiler.com.br/hf/header.js?v=0.95.1743:1903:46)
[ 1087606ms] Uncaught TypeError: Cannot read properties of null (reading 'querySelector')
    at smlsManageMenuOption (https://static.smiler.com.br/hf/header.js?v=0.95.1743:1333:36)
    at initCommonsElements (https://static.smiler.com.br/hf/header.js?v=0.95.1743:1948:11)
    at init (https://static.smiler.com.br/hf/header.js?v=0.95.1743:2786:11)
    at <anonymous> (https://static.smiler.com.br/hf/header.js?v=0.95.1743:1903:46)
[ 1089608ms] Uncaught TypeError: Cannot read properties of null (reading 'querySelector')
    at smlsManageMenuOption (https://static.smiler.com.br/hf/header.js?v=0.95.1743:1333:36)
    at initCommonsElements (https://static.smiler.com.br/hf/header.js?v=0.95.1743:1948:11)
    at init (https://static.smiler.com.br/hf/header.js?v=0.95.1743:2786:11)
    at <anonymous> (https://static.smiler.com.br/hf/header.js?v=0.95.1743:1903:46)
[ 1091610ms] Uncaught TypeError: Cannot read properties of null (reading 'querySelector')
    at smlsManageMenuOption (https://static.smiler.com.br/hf/header.js?v=0.95.1743:1333:36)
    at initCommonsElements (https://static.smiler.com.br/hf/header.js?v=0.95.1743:1948:11)
    at init (https://static.smiler.com.br/hf/header.js?v=0.95.1743:2786:11)
    at <anonymous> (https://static.smiler.com.br/hf/header.js?v=0.95.1743:1903:46)
[ 1093611ms] Uncaught TypeError: Cannot read properties of null (reading 'querySelector')
    at smlsManageMenuOption (https://static.smiler.com.br/hf/header.js?v=0.95.1743:1333:36)
    at initCommonsElements (https://static.smiler.com.br/hf/header.js?v=0.95.1743:1948:11)
    at init (https://static.smiler.com.br/hf/header.js?v=0.95.1743:2786:11)
    at <anonymous> (https://static.smiler.com.br/hf/header.js?v=0.95.1743:1903:46)
[ 1095618ms] Uncaught TypeError: Cannot read properties of null (reading 'querySelector')
    at smlsManageMenuOption (https://static.smiler.com.br/hf/header.js?v=0.95.1743:1333:36)
    at initCommonsElements (https://static.smiler.com.br/hf/header.js?v=0.95.1743:1948:11)
    at init (https://static.smiler.com.br/hf/header.js?v=0.95.1743:2786:11)
    at <anonymous> (https://static.smiler.com.br/hf/header.js?v=0.95.1743:1903:46)
[ 1097614ms] Uncaught TypeError: Cannot read properties of null (reading 'querySelector')
    at smlsManageMenuOption (https://static.smiler.com.br/hf/header.js?v=0.95.1743:1333:36)
    at initCommonsElements (https://static.smiler.com.br/hf/header.js?v=0.95.1743:1948:11)
    at init (https://static.smiler.com.br/hf/header.js?v=0.95.1743:2786:11)
    at <anonymous> (https://static.smiler.com.br/hf/header.js?v=0.95.1743:1903:46)
[ 1099618ms] Uncaught TypeError: Cannot read properties of null (reading 'querySelector')
    at smlsManageMenuOption (https://static.smiler.com.br/hf/header.js?v=0.95.1743:1333:36)
    at initCommonsElements (https://static.smiler.com.br/hf/header.js?v=0.95.1743:1948:11)
    at init (https://static.smiler.com.br/hf/header.js?v=0.95.1743:2786:11)
    at <anonymous> (https://static.smiler.com.br/hf/header.js?v=0.95.1743:1903:46)
[ 1101620ms] Uncaught TypeError: Cannot read properties of null (reading 'querySelector')
    at smlsManageMenuOption (https://static.smiler.com.br/hf/header.js?v=0.95.1743:1333:36)
    at initCommonsElements (https://static.smiler.com.br/hf/header.js?v=0.95.1743:1948:11)
    at init (https://static.smiler.com.br/hf/header.js?v=0.95.1743:2786:11)
    at <anonymous> (https://static.smiler.com.br/hf/header.js?v=0.95.1743:1903:46)
[ 1103621ms] Uncaught TypeError: Cannot read properties of null (reading 'querySelector')
    at smlsManageMenuOption (https://static.smiler.com.br/hf/header.js?v=0.95.1743:1333:36)
    at initCommonsElements (https://static.smiler.com.br/hf/header.js?v=0.95.1743:1948:11)
    at init (https://static.smiler.com.br/hf/header.js?v=0.95.1743:2786:11)
    at <anonymous> (https://static.smiler.com.br/hf/header.js?v=0.95.1743:1903:46)
[ 1105627ms] Uncaught TypeError: Cannot read properties of null (reading 'querySelector')
    at smlsManageMenuOption (https://static.smiler.com.br/hf/header.js?v=0.95.1743:1333:36)
    at initCommonsElements (https://static.smiler.com.br/hf/header.js?v=0.95.1743:1948:11)
    at init (https://static.smiler.com.br/hf/header.js?v=0.95.1743:2786:11)
    at <anonymous> (https://static.smiler.com.br/hf/header.js?v=0.95.1743:1903:46)
[ 1107628ms] Uncaught TypeError: Cannot read properties of null (reading 'querySelector')
    at smlsManageMenuOption (https://static.smiler.com.br/hf/header.js?v=0.95.1743:1333:36)
    at initCommonsElements (https://static.smiler.com.br/hf/header.js?v=0.95.1743:1948:11)
    at init (https://static.smiler.com.br/hf/header.js?v=0.95.1743:2786:11)
    at <anonymous> (https://static.smiler.com.br/hf/header.js?v=0.95.1743:1903:46)
[ 1109627ms] Uncaught TypeError: Cannot read properties of null (reading 'querySelector')
    at smlsManageMenuOption (https://static.smiler.com.br/hf/header.js?v=0.95.1743:1333:36)
    at initCommonsElements (https://static.smiler.com.br/hf/header.js?v=0.95.1743:1948:11)
    at init (https://static.smiler.com.br/hf/header.js?v=0.95.1743:2786:11)
    at <anonymous> (https://static.smiler.com.br/hf/header.js?v=0.95.1743:1903:46)
[ 1111635ms] Uncaught TypeError: Cannot read properties of null (reading 'querySelector')
    at smlsManageMenuOption (https://static.smiler.com.br/hf/header.js?v=0.95.1743:1333:36)
    at initCommonsElements (https://static.smiler.com.br/hf/header.js?v=0.95.1743:1948:11)
    at init (https://static.smiler.com.br/hf/header.js?v=0.95.1743:2786:11)
    at <anonymous> (https://static.smiler.com.br/hf/header.js?v=0.95.1743:1903:46)
[ 1113632ms] Uncaught TypeError: Cannot read properties of null (reading 'querySelector')
    at smlsManageMenuOption (https://static.smiler.com.br/hf/header.js?v=0.95.1743:1333:36)
    at initCommonsElements (https://static.smiler.com.br/hf/header.js?v=0.95.1743:1948:11)
    at init (https://static.smiler.com.br/hf/header.js?v=0.95.1743:2786:11)
    at <anonymous> (https://static.smiler.com.br/hf/header.js?v=0.95.1743:1903:46)
[ 1115633ms] Uncaught TypeError: Cannot read properties of null (reading 'querySelector')
    at smlsManageMenuOption (https://static.smiler.com.br/hf/header.js?v=0.95.1743:1333:36)
    at initCommonsElements (https://static.smiler.com.br/hf/header.js?v=0.95.1743:1948:11)
    at init (https://static.smiler.com.br/hf/header.js?v=0.95.1743:2786:11)
    at <anonymous> (https://static.smiler.com.br/hf/header.js?v=0.95.1743:1903:46)
[ 1117634ms] Uncaught TypeError: Cannot read properties of null (reading 'querySelector')
    at smlsManageMenuOption (https://static.smiler.com.br/hf/header.js?v=0.95.1743:1333:36)
    at initCommonsElements (https://static.smiler.com.br/hf/header.js?v=0.95.1743:1948:11)
    at init (https://static.smiler.com.br/hf/header.js?v=0.95.1743:2786:11)
    at <anonymous> (https://static.smiler.com.br/hf/header.js?v=0.95.1743:1903:46)
[ 1119638ms] Uncaught TypeError: Cannot read properties of null (reading 'querySelector')
    at smlsManageMenuOption (https://static.smiler.com.br/hf/header.js?v=0.95.1743:1333:36)
    at initCommonsElements (https://static.smiler.com.br/hf/header.js?v=0.95.1743:1948:11)
    at init (https://static.smiler.com.br/hf/header.js?v=0.95.1743:2786:11)
    at <anonymous> (https://static.smiler.com.br/hf/header.js?v=0.95.1743:1903:46)
[ 1121639ms] Uncaught TypeError: Cannot read properties of null (reading 'querySelector')
    at smlsManageMenuOption (https://static.smiler.com.br/hf/header.js?v=0.95.1743:1333:36)
    at initCommonsElements (https://static.smiler.com.br/hf/header.js?v=0.95.1743:1948:11)
    at init (https://static.smiler.com.br/hf/header.js?v=0.95.1743:2786:11)
    at <anonymous> (https://static.smiler.com.br/hf/header.js?v=0.95.1743:1903:46)
[ 1123640ms] Uncaught TypeError: Cannot read properties of null (reading 'querySelector')
    at smlsManageMenuOption (https://static.smiler.com.br/hf/header.js?v=0.95.1743:1333:36)
    at initCommonsElements (https://static.smiler.com.br/hf/header.js?v=0.95.1743:1948:11)
    at init (https://static.smiler.com.br/hf/header.js?v=0.95.1743:2786:11)
    at <anonymous> (https://static.smiler.com.br/hf/header.js?v=0.95.1743:1903:46)
[ 1125644ms] Uncaught TypeError: Cannot read properties of null (reading 'querySelector')
    at smlsManageMenuOption (https://static.smiler.com.br/hf/header.js?v=0.95.1743:1333:36)
    at initCommonsElements (https://static.smiler.com.br/hf/header.js?v=0.95.1743:1948:11)
    at init (https://static.smiler.com.br/hf/header.js?v=0.95.1743:2786:11)
    at <anonymous> (https://static.smiler.com.br/hf/header.js?v=0.95.1743:1903:46)
[ 1127651ms] Uncaught TypeError: Cannot read properties of null (reading 'querySelector')
    at smlsManageMenuOption (https://static.smiler.com.br/hf/header.js?v=0.95.1743:1333:36)
    at initCommonsElements (https://static.smiler.com.br/hf/header.js?v=0.95.1743:1948:11)
    at init (https://static.smiler.com.br/hf/header.js?v=0.95.1743:2786:11)
    at <anonymous> (https://static.smiler.com.br/hf/header.js?v=0.95.1743:1903:46)
[ 1129647ms] Uncaught TypeError: Cannot read properties of null (reading 'querySelector')
    at smlsManageMenuOption (https://static.smiler.com.br/hf/header.js?v=0.95.1743:1333:36)
    at initCommonsElements (https://static.smiler.com.br/hf/header.js?v=0.95.1743:1948:11)
    at init (https://static.smiler.com.br/hf/header.js?v=0.95.1743:2786:11)
    at <anonymous> (https://static.smiler.com.br/hf/header.js?v=0.95.1743:1903:46)
[ 1131651ms] Uncaught TypeError: Cannot read properties of null (reading 'querySelector')
    at smlsManageMenuOption (https://static.smiler.com.br/hf/header.js?v=0.95.1743:1333:36)
    at initCommonsElements (https://static.smiler.com.br/hf/header.js?v=0.95.1743:1948:11)
    at init (https://static.smiler.com.br/hf/header.js?v=0.95.1743:2786:11)
    at <anonymous> (https://static.smiler.com.br/hf/header.js?v=0.95.1743:1903:46)
[ 1133654ms] Uncaught TypeError: Cannot read properties of null (reading 'querySelector')
    at smlsManageMenuOption (https://static.smiler.com.br/hf/header.js?v=0.95.1743:1333:36)
    at initCommonsElements (https://static.smiler.com.br/hf/header.js?v=0.95.1743:1948:11)
    at init (https://static.smiler.com.br/hf/header.js?v=0.95.1743:2786:11)
    at <anonymous> (https://static.smiler.com.br/hf/header.js?v=0.95.1743:1903:46)
[ 1135657ms] Uncaught TypeError: Cannot read properties of null (reading 'querySelector')
    at smlsManageMenuOption (https://static.smiler.com.br/hf/header.js?v=0.95.1743:1333:36)
    at initCommonsElements (https://static.smiler.com.br/hf/header.js?v=0.95.1743:1948:11)
    at init (https://static.smiler.com.br/hf/header.js?v=0.95.1743:2786:11)
    at <anonymous> (https://static.smiler.com.br/hf/header.js?v=0.95.1743:1903:46)
[ 1137661ms] Uncaught TypeError: Cannot read properties of null (reading 'querySelector')
    at smlsManageMenuOption (https://static.smiler.com.br/hf/header.js?v=0.95.1743:1333:36)
    at initCommonsElements (https://static.smiler.com.br/hf/header.js?v=0.95.1743:1948:11)
    at init (https://static.smiler.com.br/hf/header.js?v=0.95.1743:2786:11)
    at <anonymous> (https://static.smiler.com.br/hf/header.js?v=0.95.1743:1903:46)
[ 1139662ms] Uncaught TypeError: Cannot read properties of null (reading 'querySelector')
    at smlsManageMenuOption (https://static.smiler.com.br/hf/header.js?v=0.95.1743:1333:36)
    at initCommonsElements (https://static.smiler.com.br/hf/header.js?v=0.95.1743:1948:11)
    at init (https://static.smiler.com.br/hf/header.js?v=0.95.1743:2786:11)
    at <anonymous> (https://static.smiler.com.br/hf/header.js?v=0.95.1743:1903:46)
[ 1141664ms] Uncaught TypeError: Cannot read properties of null (reading 'querySelector')
    at smlsManageMenuOption (https://static.smiler.com.br/hf/header.js?v=0.95.1743:1333:36)
    at initCommonsElements (https://static.smiler.com.br/hf/header.js?v=0.95.1743:1948:11)
    at init (https://static.smiler.com.br/hf/header.js?v=0.95.1743:2786:11)
    at <anonymous> (https://static.smiler.com.br/hf/header.js?v=0.95.1743:1903:46)
[ 1143670ms] Uncaught TypeError: Cannot read properties of null (reading 'querySelector')
    at smlsManageMenuOption (https://static.smiler.com.br/hf/header.js?v=0.95.1743:1333:36)
    at initCommonsElements (https://static.smiler.com.br/hf/header.js?v=0.95.1743:1948:11)
    at init (https://static.smiler.com.br/hf/header.js?v=0.95.1743:2786:11)
    at <anonymous> (https://static.smiler.com.br/hf/header.js?v=0.95.1743:1903:46)
[ 1145666ms] Uncaught TypeError: Cannot read properties of null (reading 'querySelector')
    at smlsManageMenuOption (https://static.smiler.com.br/hf/header.js?v=0.95.1743:1333:36)
    at initCommonsElements (https://static.smiler.com.br/hf/header.js?v=0.95.1743:1948:11)
    at init (https://static.smiler.com.br/hf/header.js?v=0.95.1743:2786:11)
    at <anonymous> (https://static.smiler.com.br/hf/header.js?v=0.95.1743:1903:46)
[ 1147671ms] Uncaught TypeError: Cannot read properties of null (reading 'querySelector')
    at smlsManageMenuOption (https://static.smiler.com.br/hf/header.js?v=0.95.1743:1333:36)
    at initCommonsElements (https://static.smiler.com.br/hf/header.js?v=0.95.1743:1948:11)
    at init (https://static.smiler.com.br/hf/header.js?v=0.95.1743:2786:11)
    at <anonymous> (https://static.smiler.com.br/hf/header.js?v=0.95.1743:1903:46)
[ 1149673ms] Uncaught TypeError: Cannot read properties of null (reading 'querySelector')
    at smlsManageMenuOption (https://static.smiler.com.br/hf/header.js?v=0.95.1743:1333:36)
    at initCommonsElements (https://static.smiler.com.br/hf/header.js?v=0.95.1743:1948:11)
    at init (https://static.smiler.com.br/hf/header.js?v=0.95.1743:2786:11)
    at <anonymous> (https://static.smiler.com.br/hf/header.js?v=0.95.1743:1903:46)
[ 1151675ms] Uncaught TypeError: Cannot read properties of null (reading 'querySelector')
    at smlsManageMenuOption (https://static.smiler.com.br/hf/header.js?v=0.95.1743:1333:36)
    at initCommonsElements (https://static.smiler.com.br/hf/header.js?v=0.95.1743:1948:11)
    at init (https://static.smiler.com.br/hf/header.js?v=0.95.1743:2786:11)
    at <anonymous> (https://static.smiler.com.br/hf/header.js?v=0.95.1743:1903:46)
[ 1153677ms] Uncaught TypeError: Cannot read properties of null (reading 'querySelector')
    at smlsManageMenuOption (https://static.smiler.com.br/hf/header.js?v=0.95.1743:1333:36)
    at initCommonsElements (https://static.smiler.com.br/hf/header.js?v=0.95.1743:1948:11)
    at init (https://static.smiler.com.br/hf/header.js?v=0.95.1743:2786:11)
    at <anonymous> (https://static.smiler.com.br/hf/header.js?v=0.95.1743:1903:46)
[ 1155679ms] Uncaught TypeError: Cannot read properties of null (reading 'querySelector')
    at smlsManageMenuOption (https://static.smiler.com.br/hf/header.js?v=0.95.1743:1333:36)
    at initCommonsElements (https://static.smiler.com.br/hf/header.js?v=0.95.1743:1948:11)
    at init (https://static.smiler.com.br/hf/header.js?v=0.95.1743:2786:11)
    at <anonymous> (https://static.smiler.com.br/hf/header.js?v=0.95.1743:1903:46)
[ 1157681ms] Uncaught TypeError: Cannot read properties of null (reading 'querySelector')
    at smlsManageMenuOption (https://static.smiler.com.br/hf/header.js?v=0.95.1743:1333:36)
    at initCommonsElements (https://static.smiler.com.br/hf/header.js?v=0.95.1743:1948:11)
    at init (https://static.smiler.com.br/hf/header.js?v=0.95.1743:2786:11)
    at <anonymous> (https://static.smiler.com.br/hf/header.js?v=0.95.1743:1903:46)
[ 1159687ms] Uncaught TypeError: Cannot read properties of null (reading 'querySelector')
    at smlsManageMenuOption (https://static.smiler.com.br/hf/header.js?v=0.95.1743:1333:36)
    at initCommonsElements (https://static.smiler.com.br/hf/header.js?v=0.95.1743:1948:11)
    at init (https://static.smiler.com.br/hf/header.js?v=0.95.1743:2786:11)
    at <anonymous> (https://static.smiler.com.br/hf/header.js?v=0.95.1743:1903:46)
[ 1161686ms] Uncaught TypeError: Cannot read properties of null (reading 'querySelector')
    at smlsManageMenuOption (https://static.smiler.com.br/hf/header.js?v=0.95.1743:1333:36)
    at initCommonsElements (https://static.smiler.com.br/hf/header.js?v=0.95.1743:1948:11)
    at init (https://static.smiler.com.br/hf/header.js?v=0.95.1743:2786:11)
    at <anonymous> (https://static.smiler.com.br/hf/header.js?v=0.95.1743:1903:46)
[ 1163689ms] Uncaught TypeError: Cannot read properties of null (reading 'querySelector')
    at smlsManageMenuOption (https://static.smiler.com.br/hf/header.js?v=0.95.1743:1333:36)
    at initCommonsElements (https://static.smiler.com.br/hf/header.js?v=0.95.1743:1948:11)
    at init (https://static.smiler.com.br/hf/header.js?v=0.95.1743:2786:11)
    at <anonymous> (https://static.smiler.com.br/hf/header.js?v=0.95.1743:1903:46)
[ 1165692ms] Uncaught TypeError: Cannot read properties of null (reading 'querySelector')
    at smlsManageMenuOption (https://static.smiler.com.br/hf/header.js?v=0.95.1743:1333:36)
    at initCommonsElements (https://static.smiler.com.br/hf/header.js?v=0.95.1743:1948:11)
    at init (https://static.smiler.com.br/hf/header.js?v=0.95.1743:2786:11)
    at <anonymous> (https://static.smiler.com.br/hf/header.js?v=0.95.1743:1903:46)
[ 1167694ms] Uncaught TypeError: Cannot read properties of null (reading 'querySelector')
    at smlsManageMenuOption (https://static.smiler.com.br/hf/header.js?v=0.95.1743:1333:36)
    at initCommonsElements (https://static.smiler.com.br/hf/header.js?v=0.95.1743:1948:11)
    at init (https://static.smiler.com.br/hf/header.js?v=0.95.1743:2786:11)
    at <anonymous> (https://static.smiler.com.br/hf/header.js?v=0.95.1743:1903:46)
[ 1169697ms] Uncaught TypeError: Cannot read properties of null (reading 'querySelector')
    at smlsManageMenuOption (https://static.smiler.com.br/hf/header.js?v=0.95.1743:1333:36)
    at initCommonsElements (https://static.smiler.com.br/hf/header.js?v=0.95.1743:1948:11)
    at init (https://static.smiler.com.br/hf/header.js?v=0.95.1743:2786:11)
    at <anonymous> (https://static.smiler.com.br/hf/header.js?v=0.95.1743:1903:46)
[ 1171701ms] Uncaught TypeError: Cannot read properties of null (reading 'querySelector')
    at smlsManageMenuOption (https://static.smiler.com.br/hf/header.js?v=0.95.1743:1333:36)
    at initCommonsElements (https://static.smiler.com.br/hf/header.js?v=0.95.1743:1948:11)
    at init (https://static.smiler.com.br/hf/header.js?v=0.95.1743:2786:11)
    at <anonymous> (https://static.smiler.com.br/hf/header.js?v=0.95.1743:1903:46)
[ 1173702ms] Uncaught TypeError: Cannot read properties of null (reading 'querySelector')
    at smlsManageMenuOption (https://static.smiler.com.br/hf/header.js?v=0.95.1743:1333:36)
    at initCommonsElements (https://static.smiler.com.br/hf/header.js?v=0.95.1743:1948:11)
    at init (https://static.smiler.com.br/hf/header.js?v=0.95.1743:2786:11)
    at <anonymous> (https://static.smiler.com.br/hf/header.js?v=0.95.1743:1903:46)
[ 1175710ms] Uncaught TypeError: Cannot read properties of null (reading 'querySelector')
    at smlsManageMenuOption (https://static.smiler.com.br/hf/header.js?v=0.95.1743:1333:36)
    at initCommonsElements (https://static.smiler.com.br/hf/header.js?v=0.95.1743:1948:11)
    at init (https://static.smiler.com.br/hf/header.js?v=0.95.1743:2786:11)
    at <anonymous> (https://static.smiler.com.br/hf/header.js?v=0.95.1743:1903:46)
[ 1177708ms] Uncaught TypeError: Cannot read properties of null (reading 'querySelector')
    at smlsManageMenuOption (https://static.smiler.com.br/hf/header.js?v=0.95.1743:1333:36)
    at initCommonsElements (https://static.smiler.com.br/hf/header.js?v=0.95.1743:1948:11)
    at init (https://static.smiler.com.br/hf/header.js?v=0.95.1743:2786:11)
    at <anonymous> (https://static.smiler.com.br/hf/header.js?v=0.95.1743:1903:46)
[ 1179711ms] Uncaught TypeError: Cannot read properties of null (reading 'querySelector')
    at smlsManageMenuOption (https://static.smiler.com.br/hf/header.js?v=0.95.1743:1333:36)
    at initCommonsElements (https://static.smiler.com.br/hf/header.js?v=0.95.1743:1948:11)
    at init (https://static.smiler.com.br/hf/header.js?v=0.95.1743:2786:11)
    at <anonymous> (https://static.smiler.com.br/hf/header.js?v=0.95.1743:1903:46)
[ 1181714ms] Uncaught TypeError: Cannot read properties of null (reading 'querySelector')
    at smlsManageMenuOption (https://static.smiler.com.br/hf/header.js?v=0.95.1743:1333:36)
    at initCommonsElements (https://static.smiler.com.br/hf/header.js?v=0.95.1743:1948:11)
    at init (https://static.smiler.com.br/hf/header.js?v=0.95.1743:2786:11)
    at <anonymous> (https://static.smiler.com.br/hf/header.js?v=0.95.1743:1903:46)
[ 1183716ms] Uncaught TypeError: Cannot read properties of null (reading 'querySelector')
    at smlsManageMenuOption (https://static.smiler.com.br/hf/header.js?v=0.95.1743:1333:36)
    at initCommonsElements (https://static.smiler.com.br/hf/header.js?v=0.95.1743:1948:11)
    at init (https://static.smiler.com.br/hf/header.js?v=0.95.1743:2786:11)
    at <anonymous> (https://static.smiler.com.br/hf/header.js?v=0.95.1743:1903:46)
[ 1185718ms] Uncaught TypeError: Cannot read properties of null (reading 'querySelector')
    at smlsManageMenuOption (https://static.smiler.com.br/hf/header.js?v=0.95.1743:1333:36)
    at initCommonsElements (https://static.smiler.com.br/hf/header.js?v=0.95.1743:1948:11)
    at init (https://static.smiler.com.br/hf/header.js?v=0.95.1743:2786:11)
    at <anonymous> (https://static.smiler.com.br/hf/header.js?v=0.95.1743:1903:46)
[ 1187720ms] Uncaught TypeError: Cannot read properties of null (reading 'querySelector')
    at smlsManageMenuOption (https://static.smiler.com.br/hf/header.js?v=0.95.1743:1333:36)
    at initCommonsElements (https://static.smiler.com.br/hf/header.js?v=0.95.1743:1948:11)
    at init (https://static.smiler.com.br/hf/header.js?v=0.95.1743:2786:11)
    at <anonymous> (https://static.smiler.com.br/hf/header.js?v=0.95.1743:1903:46)
[ 1189723ms] Uncaught TypeError: Cannot read properties of null (reading 'querySelector')
    at smlsManageMenuOption (https://static.smiler.com.br/hf/header.js?v=0.95.1743:1333:36)
    at initCommonsElements (https://static.smiler.com.br/hf/header.js?v=0.95.1743:1948:11)
    at init (https://static.smiler.com.br/hf/header.js?v=0.95.1743:2786:11)
    at <anonymous> (https://static.smiler.com.br/hf/header.js?v=0.95.1743:1903:46)
[ 1191728ms] Uncaught TypeError: Cannot read properties of null (reading 'querySelector')
    at smlsManageMenuOption (https://static.smiler.com.br/hf/header.js?v=0.95.1743:1333:36)
    at initCommonsElements (https://static.smiler.com.br/hf/header.js?v=0.95.1743:1948:11)
    at init (https://static.smiler.com.br/hf/header.js?v=0.95.1743:2786:11)
    at <anonymous> (https://static.smiler.com.br/hf/header.js?v=0.95.1743:1903:46)
[ 1193729ms] Uncaught TypeError: Cannot read properties of null (reading 'querySelector')
    at smlsManageMenuOption (https://static.smiler.com.br/hf/header.js?v=0.95.1743:1333:36)
    at initCommonsElements (https://static.smiler.com.br/hf/header.js?v=0.95.1743:1948:11)
    at init (https://static.smiler.com.br/hf/header.js?v=0.95.1743:2786:11)
    at <anonymous> (https://static.smiler.com.br/hf/header.js?v=0.95.1743:1903:46)
[ 1195729ms] Uncaught TypeError: Cannot read properties of null (reading 'querySelector')
    at smlsManageMenuOption (https://static.smiler.com.br/hf/header.js?v=0.95.1743:1333:36)
    at initCommonsElements (https://static.smiler.com.br/hf/header.js?v=0.95.1743:1948:11)
    at init (https://static.smiler.com.br/hf/header.js?v=0.95.1743:2786:11)
    at <anonymous> (https://static.smiler.com.br/hf/header.js?v=0.95.1743:1903:46)
[ 1197730ms] Uncaught TypeError: Cannot read properties of null (reading 'querySelector')
    at smlsManageMenuOption (https://static.smiler.com.br/hf/header.js?v=0.95.1743:1333:36)
    at initCommonsElements (https://static.smiler.com.br/hf/header.js?v=0.95.1743:1948:11)
    at init (https://static.smiler.com.br/hf/header.js?v=0.95.1743:2786:11)
    at <anonymous> (https://static.smiler.com.br/hf/header.js?v=0.95.1743:1903:46)
[ 1199735ms] Uncaught TypeError: Cannot read properties of null (reading 'querySelector')
    at smlsManageMenuOption (https://static.smiler.com.br/hf/header.js?v=0.95.1743:1333:36)
    at initCommonsElements (https://static.smiler.com.br/hf/header.js?v=0.95.1743:1948:11)
    at init (https://static.smiler.com.br/hf/header.js?v=0.95.1743:2786:11)
    at <anonymous> (https://static.smiler.com.br/hf/header.js?v=0.95.1743:1903:46)
[ 1201734ms] Uncaught TypeError: Cannot read properties of null (reading 'querySelector')
    at smlsManageMenuOption (https://static.smiler.com.br/hf/header.js?v=0.95.1743:1333:36)
    at initCommonsElements (https://static.smiler.com.br/hf/header.js?v=0.95.1743:1948:11)
    at init (https://static.smiler.com.br/hf/header.js?v=0.95.1743:2786:11)
    at <anonymous> (https://static.smiler.com.br/hf/header.js?v=0.95.1743:1903:46)
[ 1203737ms] Uncaught TypeError: Cannot read properties of null (reading 'querySelector')
    at smlsManageMenuOption (https://static.smiler.com.br/hf/header.js?v=0.95.1743:1333:36)
    at initCommonsElements (https://static.smiler.com.br/hf/header.js?v=0.95.1743:1948:11)
    at init (https://static.smiler.com.br/hf/header.js?v=0.95.1743:2786:11)
    at <anonymous> (https://static.smiler.com.br/hf/header.js?v=0.95.1743:1903:46)
[ 1205740ms] Uncaught TypeError: Cannot read properties of null (reading 'querySelector')
    at smlsManageMenuOption (https://static.smiler.com.br/hf/header.js?v=0.95.1743:1333:36)
    at initCommonsElements (https://static.smiler.com.br/hf/header.js?v=0.95.1743:1948:11)
    at init (https://static.smiler.com.br/hf/header.js?v=0.95.1743:2786:11)
    at <anonymous> (https://static.smiler.com.br/hf/header.js?v=0.95.1743:1903:46)
[ 1207745ms] Uncaught TypeError: Cannot read properties of null (reading 'querySelector')
    at smlsManageMenuOption (https://static.smiler.com.br/hf/header.js?v=0.95.1743:1333:36)
    at initCommonsElements (https://static.smiler.com.br/hf/header.js?v=0.95.1743:1948:11)
    at init (https://static.smiler.com.br/hf/header.js?v=0.95.1743:2786:11)
    at <anonymous> (https://static.smiler.com.br/hf/header.js?v=0.95.1743:1903:46)
[ 1209744ms] Uncaught TypeError: Cannot read properties of null (reading 'querySelector')
    at smlsManageMenuOption (https://static.smiler.com.br/hf/header.js?v=0.95.1743:1333:36)
    at initCommonsElements (https://static.smiler.com.br/hf/header.js?v=0.95.1743:1948:11)
    at init (https://static.smiler.com.br/hf/header.js?v=0.95.1743:2786:11)
    at <anonymous> (https://static.smiler.com.br/hf/header.js?v=0.95.1743:1903:46)
[ 1211746ms] Uncaught TypeError: Cannot read properties of null (reading 'querySelector')
    at smlsManageMenuOption (https://static.smiler.com.br/hf/header.js?v=0.95.1743:1333:36)
    at initCommonsElements (https://static.smiler.com.br/hf/header.js?v=0.95.1743:1948:11)
    at init (https://static.smiler.com.br/hf/header.js?v=0.95.1743:2786:11)
    at <anonymous> (https://static.smiler.com.br/hf/header.js?v=0.95.1743:1903:46)
[ 1213748ms] Uncaught TypeError: Cannot read properties of null (reading 'querySelector')
    at smlsManageMenuOption (https://static.smiler.com.br/hf/header.js?v=0.95.1743:1333:36)
    at initCommonsElements (https://static.smiler.com.br/hf/header.js?v=0.95.1743:1948:11)
    at init (https://static.smiler.com.br/hf/header.js?v=0.95.1743:2786:11)
    at <anonymous> (https://static.smiler.com.br/hf/header.js?v=0.95.1743:1903:46)
[ 1215751ms] Uncaught TypeError: Cannot read properties of null (reading 'querySelector')
    at smlsManageMenuOption (https://static.smiler.com.br/hf/header.js?v=0.95.1743:1333:36)
    at initCommonsElements (https://static.smiler.com.br/hf/header.js?v=0.95.1743:1948:11)
    at init (https://static.smiler.com.br/hf/header.js?v=0.95.1743:2786:11)
    at <anonymous> (https://static.smiler.com.br/hf/header.js?v=0.95.1743:1903:46)
[ 1217749ms] Uncaught TypeError: Cannot read properties of null (reading 'querySelector')
    at smlsManageMenuOption (https://static.smiler.com.br/hf/header.js?v=0.95.1743:1333:36)
    at initCommonsElements (https://static.smiler.com.br/hf/header.js?v=0.95.1743:1948:11)
    at init (https://static.smiler.com.br/hf/header.js?v=0.95.1743:2786:11)
    at <anonymous> (https://static.smiler.com.br/hf/header.js?v=0.95.1743:1903:46)
[ 1219753ms] Uncaught TypeError: Cannot read properties of null (reading 'querySelector')
    at smlsManageMenuOption (https://static.smiler.com.br/hf/header.js?v=0.95.1743:1333:36)
    at initCommonsElements (https://static.smiler.com.br/hf/header.js?v=0.95.1743:1948:11)
    at init (https://static.smiler.com.br/hf/header.js?v=0.95.1743:2786:11)
    at <anonymous> (https://static.smiler.com.br/hf/header.js?v=0.95.1743:1903:46)
[ 1221754ms] Uncaught TypeError: Cannot read properties of null (reading 'querySelector')
    at smlsManageMenuOption (https://static.smiler.com.br/hf/header.js?v=0.95.1743:1333:36)
    at initCommonsElements (https://static.smiler.com.br/hf/header.js?v=0.95.1743:1948:11)
    at init (https://static.smiler.com.br/hf/header.js?v=0.95.1743:2786:11)
    at <anonymous> (https://static.smiler.com.br/hf/header.js?v=0.95.1743:1903:46)
[ 1223763ms] Uncaught TypeError: Cannot read properties of null (reading 'querySelector')
    at smlsManageMenuOption (https://static.smiler.com.br/hf/header.js?v=0.95.1743:1333:36)
    at initCommonsElements (https://static.smiler.com.br/hf/header.js?v=0.95.1743:1948:11)
    at init (https://static.smiler.com.br/hf/header.js?v=0.95.1743:2786:11)
    at <anonymous> (https://static.smiler.com.br/hf/header.js?v=0.95.1743:1903:46)
[ 1225757ms] Uncaught TypeError: Cannot read properties of null (reading 'querySelector')
    at smlsManageMenuOption (https://static.smiler.com.br/hf/header.js?v=0.95.1743:1333:36)
    at initCommonsElements (https://static.smiler.com.br/hf/header.js?v=0.95.1743:1948:11)
    at init (https://static.smiler.com.br/hf/header.js?v=0.95.1743:2786:11)
    at <anonymous> (https://static.smiler.com.br/hf/header.js?v=0.95.1743:1903:46)
[ 1227761ms] Uncaught TypeError: Cannot read properties of null (reading 'querySelector')
    at smlsManageMenuOption (https://static.smiler.com.br/hf/header.js?v=0.95.1743:1333:36)
    at initCommonsElements (https://static.smiler.com.br/hf/header.js?v=0.95.1743:1948:11)
    at init (https://static.smiler.com.br/hf/header.js?v=0.95.1743:2786:11)
    at <anonymous> (https://static.smiler.com.br/hf/header.js?v=0.95.1743:1903:46)
[ 1229762ms] Uncaught TypeError: Cannot read properties of null (reading 'querySelector')
    at smlsManageMenuOption (https://static.smiler.com.br/hf/header.js?v=0.95.1743:1333:36)
    at initCommonsElements (https://static.smiler.com.br/hf/header.js?v=0.95.1743:1948:11)
    at init (https://static.smiler.com.br/hf/header.js?v=0.95.1743:2786:11)
    at <anonymous> (https://static.smiler.com.br/hf/header.js?v=0.95.1743:1903:46)
[ 1230268ms] [ERROR] Creating a worker from 'blob:https://www.smiles.com.br/3b1a15d7-f6b1-4afb-877b-9166fe17a485' violates the following Content Security Policy directive: "script-src 'unsafe-inline' 'unsafe-eval' https: localhost:*". Note that 'worker-src' was not explicitly set, so 'script-src' is used as a fallback. The action has been blocked. @ https://www.smiles.com.br/_lx-MWATM/tNJsL-Y/Wgg4mB6/2Kcg/w0t9hfEcau/B1p4AQ/MAstMGhu/MVUPAg?v=e33b60b4-2206-52f2-711f-e1f32ad91730:0
[ 1231763ms] Uncaught TypeError: Cannot read properties of null (reading 'querySelector')
    at smlsManageMenuOption (https://static.smiler.com.br/hf/header.js?v=0.95.1743:1333:36)
    at initCommonsElements (https://static.smiler.com.br/hf/header.js?v=0.95.1743:1948:11)
    at init (https://static.smiler.com.br/hf/header.js?v=0.95.1743:2786:11)
    at <anonymous> (https://static.smiler.com.br/hf/header.js?v=0.95.1743:1903:46)
[ 1233770ms] Uncaught TypeError: Cannot read properties of null (reading 'querySelector')
    at smlsManageMenuOption (https://static.smiler.com.br/hf/header.js?v=0.95.1743:1333:36)
    at initCommonsElements (https://static.smiler.com.br/hf/header.js?v=0.95.1743:1948:11)
    at init (https://static.smiler.com.br/hf/header.js?v=0.95.1743:2786:11)
    at <anonymous> (https://static.smiler.com.br/hf/header.js?v=0.95.1743:1903:46)
[ 1235767ms] Uncaught TypeError: Cannot read properties of null (reading 'querySelector')
    at smlsManageMenuOption (https://static.smiler.com.br/hf/header.js?v=0.95.1743:1333:36)
    at initCommonsElements (https://static.smiler.com.br/hf/header.js?v=0.95.1743:1948:11)
    at init (https://static.smiler.com.br/hf/header.js?v=0.95.1743:2786:11)
    at <anonymous> (https://static.smiler.com.br/hf/header.js?v=0.95.1743:1903:46)
[ 1237769ms] Uncaught TypeError: Cannot read properties of null (reading 'querySelector')
    at smlsManageMenuOption (https://static.smiler.com.br/hf/header.js?v=0.95.1743:1333:36)
    at initCommonsElements (https://static.smiler.com.br/hf/header.js?v=0.95.1743:1948:11)
    at init (https://static.smiler.com.br/hf/header.js?v=0.95.1743:2786:11)
    at <anonymous> (https://static.smiler.com.br/hf/header.js?v=0.95.1743:1903:46)
[ 1239770ms] Uncaught TypeError: Cannot read properties of null (reading 'querySelector')
    at smlsManageMenuOption (https://static.smiler.com.br/hf/header.js?v=0.95.1743:1333:36)
    at initCommonsElements (https://static.smiler.com.br/hf/header.js?v=0.95.1743:1948:11)
    at init (https://static.smiler.com.br/hf/header.js?v=0.95.1743:2786:11)
    at <anonymous> (https://static.smiler.com.br/hf/header.js?v=0.95.1743:1903:46)
[ 1241772ms] Uncaught TypeError: Cannot read properties of null (reading 'querySelector')
    at smlsManageMenuOption (https://static.smiler.com.br/hf/header.js?v=0.95.1743:1333:36)
    at initCommonsElements (https://static.smiler.com.br/hf/header.js?v=0.95.1743:1948:11)
    at init (https://static.smiler.com.br/hf/header.js?v=0.95.1743:2786:11)
    at <anonymous> (https://static.smiler.com.br/hf/header.js?v=0.95.1743:1903:46)
[ 1243776ms] Uncaught TypeError: Cannot read properties of null (reading 'querySelector')
    at smlsManageMenuOption (https://static.smiler.com.br/hf/header.js?v=0.95.1743:1333:36)
    at initCommonsElements (https://static.smiler.com.br/hf/header.js?v=0.95.1743:1948:11)
    at init (https://static.smiler.com.br/hf/header.js?v=0.95.1743:2786:11)
    at <anonymous> (https://static.smiler.com.br/hf/header.js?v=0.95.1743:1903:46)
[ 1245778ms] Uncaught TypeError: Cannot read properties of null (reading 'querySelector')
    at smlsManageMenuOption (https://static.smiler.com.br/hf/header.js?v=0.95.1743:1333:36)
    at initCommonsElements (https://static.smiler.com.br/hf/header.js?v=0.95.1743:1948:11)
    at init (https://static.smiler.com.br/hf/header.js?v=0.95.1743:2786:11)
    at <anonymous> (https://static.smiler.com.br/hf/header.js?v=0.95.1743:1903:46)
[ 1247779ms] Uncaught TypeError: Cannot read properties of null (reading 'querySelector')
    at smlsManageMenuOption (https://static.smiler.com.br/hf/header.js?v=0.95.1743:1333:36)
    at initCommonsElements (https://static.smiler.com.br/hf/header.js?v=0.95.1743:1948:11)
    at init (https://static.smiler.com.br/hf/header.js?v=0.95.1743:2786:11)
    at <anonymous> (https://static.smiler.com.br/hf/header.js?v=0.95.1743:1903:46)
[ 1249788ms] Uncaught TypeError: Cannot read properties of null (reading 'querySelector')
    at smlsManageMenuOption (https://static.smiler.com.br/hf/header.js?v=0.95.1743:1333:36)
    at initCommonsElements (https://static.smiler.com.br/hf/header.js?v=0.95.1743:1948:11)
    at init (https://static.smiler.com.br/hf/header.js?v=0.95.1743:2786:11)
    at <anonymous> (https://static.smiler.com.br/hf/header.js?v=0.95.1743:1903:46)
[ 1251784ms] Uncaught TypeError: Cannot read properties of null (reading 'querySelector')
    at smlsManageMenuOption (https://static.smiler.com.br/hf/header.js?v=0.95.1743:1333:36)
    at initCommonsElements (https://static.smiler.com.br/hf/header.js?v=0.95.1743:1948:11)
    at init (https://static.smiler.com.br/hf/header.js?v=0.95.1743:2786:11)
    at <anonymous> (https://static.smiler.com.br/hf/header.js?v=0.95.1743:1903:46)
[ 1253787ms] Uncaught TypeError: Cannot read properties of null (reading 'querySelector')
    at smlsManageMenuOption (https://static.smiler.com.br/hf/header.js?v=0.95.1743:1333:36)
    at initCommonsElements (https://static.smiler.com.br/hf/header.js?v=0.95.1743:1948:11)
    at init (https://static.smiler.com.br/hf/header.js?v=0.95.1743:2786:11)
    at <anonymous> (https://static.smiler.com.br/hf/header.js?v=0.95.1743:1903:46)
[ 1255790ms] Uncaught TypeError: Cannot read properties of null (reading 'querySelector')
    at smlsManageMenuOption (https://static.smiler.com.br/hf/header.js?v=0.95.1743:1333:36)
    at initCommonsElements (https://static.smiler.com.br/hf/header.js?v=0.95.1743:1948:11)
    at init (https://static.smiler.com.br/hf/header.js?v=0.95.1743:2786:11)
    at <anonymous> (https://static.smiler.com.br/hf/header.js?v=0.95.1743:1903:46)
[ 1257792ms] Uncaught TypeError: Cannot read properties of null (reading 'querySelector')
    at smlsManageMenuOption (https://static.smiler.com.br/hf/header.js?v=0.95.1743:1333:36)
    at initCommonsElements (https://static.smiler.com.br/hf/header.js?v=0.95.1743:1948:11)
    at init (https://static.smiler.com.br/hf/header.js?v=0.95.1743:2786:11)
    at <anonymous> (https://static.smiler.com.br/hf/header.js?v=0.95.1743:1903:46)
[ 1259792ms] Uncaught TypeError: Cannot read properties of null (reading 'querySelector')
    at smlsManageMenuOption (https://static.smiler.com.br/hf/header.js?v=0.95.1743:1333:36)
    at initCommonsElements (https://static.smiler.com.br/hf/header.js?v=0.95.1743:1948:11)
    at init (https://static.smiler.com.br/hf/header.js?v=0.95.1743:2786:11)
    at <anonymous> (https://static.smiler.com.br/hf/header.js?v=0.95.1743:1903:46)
[ 1261793ms] Uncaught TypeError: Cannot read properties of null (reading 'querySelector')
    at smlsManageMenuOption (https://static.smiler.com.br/hf/header.js?v=0.95.1743:1333:36)
    at initCommonsElements (https://static.smiler.com.br/hf/header.js?v=0.95.1743:1948:11)
    at init (https://static.smiler.com.br/hf/header.js?v=0.95.1743:2786:11)
    at <anonymous> (https://static.smiler.com.br/hf/header.js?v=0.95.1743:1903:46)
[ 1263797ms] Uncaught TypeError: Cannot read properties of null (reading 'querySelector')
    at smlsManageMenuOption (https://static.smiler.com.br/hf/header.js?v=0.95.1743:1333:36)
    at initCommonsElements (https://static.smiler.com.br/hf/header.js?v=0.95.1743:1948:11)
    at init (https://static.smiler.com.br/hf/header.js?v=0.95.1743:2786:11)
    at <anonymous> (https://static.smiler.com.br/hf/header.js?v=0.95.1743:1903:46)
[ 1265797ms] Uncaught TypeError: Cannot read properties of null (reading 'querySelector')
    at smlsManageMenuOption (https://static.smiler.com.br/hf/header.js?v=0.95.1743:1333:36)
    at initCommonsElements (https://static.smiler.com.br/hf/header.js?v=0.95.1743:1948:11)
    at init (https://static.smiler.com.br/hf/header.js?v=0.95.1743:2786:11)
    at <anonymous> (https://static.smiler.com.br/hf/header.js?v=0.95.1743:1903:46)
[ 1267798ms] Uncaught TypeError: Cannot read properties of null (reading 'querySelector')
    at smlsManageMenuOption (https://static.smiler.com.br/hf/header.js?v=0.95.1743:1333:36)
    at initCommonsElements (https://static.smiler.com.br/hf/header.js?v=0.95.1743:1948:11)
    at init (https://static.smiler.com.br/hf/header.js?v=0.95.1743:2786:11)
    at <anonymous> (https://static.smiler.com.br/hf/header.js?v=0.95.1743:1903:46)
[ 1269803ms] Uncaught TypeError: Cannot read properties of null (reading 'querySelector')
    at smlsManageMenuOption (https://static.smiler.com.br/hf/header.js?v=0.95.1743:1333:36)
    at initCommonsElements (https://static.smiler.com.br/hf/header.js?v=0.95.1743:1948:11)
    at init (https://static.smiler.com.br/hf/header.js?v=0.95.1743:2786:11)
    at <anonymous> (https://static.smiler.com.br/hf/header.js?v=0.95.1743:1903:46)
[ 1271802ms] Uncaught TypeError: Cannot read properties of null (reading 'querySelector')
    at smlsManageMenuOption (https://static.smiler.com.br/hf/header.js?v=0.95.1743:1333:36)
    at initCommonsElements (https://static.smiler.com.br/hf/header.js?v=0.95.1743:1948:11)
    at init (https://static.smiler.com.br/hf/header.js?v=0.95.1743:2786:11)
    at <anonymous> (https://static.smiler.com.br/hf/header.js?v=0.95.1743:1903:46)
[ 1273806ms] Uncaught TypeError: Cannot read properties of null (reading 'querySelector')
    at smlsManageMenuOption (https://static.smiler.com.br/hf/header.js?v=0.95.1743:1333:36)
    at initCommonsElements (https://static.smiler.com.br/hf/header.js?v=0.95.1743:1948:11)
    at init (https://static.smiler.com.br/hf/header.js?v=0.95.1743:2786:11)
    at <anonymous> (https://static.smiler.com.br/hf/header.js?v=0.95.1743:1903:46)
[ 1275809ms] Uncaught TypeError: Cannot read properties of null (reading 'querySelector')
    at smlsManageMenuOption (https://static.smiler.com.br/hf/header.js?v=0.95.1743:1333:36)
    at initCommonsElements (https://static.smiler.com.br/hf/header.js?v=0.95.1743:1948:11)
    at init (https://static.smiler.com.br/hf/header.js?v=0.95.1743:2786:11)
    at <anonymous> (https://static.smiler.com.br/hf/header.js?v=0.95.1743:1903:46)
[ 1277815ms] Uncaught TypeError: Cannot read properties of null (reading 'querySelector')
    at smlsManageMenuOption (https://static.smiler.com.br/hf/header.js?v=0.95.1743:1333:36)
    at initCommonsElements (https://static.smiler.com.br/hf/header.js?v=0.95.1743:1948:11)
    at init (https://static.smiler.com.br/hf/header.js?v=0.95.1743:2786:11)
    at <anonymous> (https://static.smiler.com.br/hf/header.js?v=0.95.1743:1903:46)
[ 1279812ms] Uncaught TypeError: Cannot read properties of null (reading 'querySelector')
    at smlsManageMenuOption (https://static.smiler.com.br/hf/header.js?v=0.95.1743:1333:36)
    at initCommonsElements (https://static.smiler.com.br/hf/header.js?v=0.95.1743:1948:11)
    at init (https://static.smiler.com.br/hf/header.js?v=0.95.1743:2786:11)
    at <anonymous> (https://static.smiler.com.br/hf/header.js?v=0.95.1743:1903:46)
[ 1281814ms] Uncaught TypeError: Cannot read properties of null (reading 'querySelector')
    at smlsManageMenuOption (https://static.smiler.com.br/hf/header.js?v=0.95.1743:1333:36)
    at initCommonsElements (https://static.smiler.com.br/hf/header.js?v=0.95.1743:1948:11)
    at init (https://static.smiler.com.br/hf/header.js?v=0.95.1743:2786:11)
    at <anonymous> (https://static.smiler.com.br/hf/header.js?v=0.95.1743:1903:46)
[ 1283817ms] Uncaught TypeError: Cannot read properties of null (reading 'querySelector')
    at smlsManageMenuOption (https://static.smiler.com.br/hf/header.js?v=0.95.1743:1333:36)
    at initCommonsElements (https://static.smiler.com.br/hf/header.js?v=0.95.1743:1948:11)
    at init (https://static.smiler.com.br/hf/header.js?v=0.95.1743:2786:11)
    at <anonymous> (https://static.smiler.com.br/hf/header.js?v=0.95.1743:1903:46)
[ 1285818ms] Uncaught TypeError: Cannot read properties of null (reading 'querySelector')
    at smlsManageMenuOption (https://static.smiler.com.br/hf/header.js?v=0.95.1743:1333:36)
    at initCommonsElements (https://static.smiler.com.br/hf/header.js?v=0.95.1743:1948:11)
    at init (https://static.smiler.com.br/hf/header.js?v=0.95.1743:2786:11)
    at <anonymous> (https://static.smiler.com.br/hf/header.js?v=0.95.1743:1903:46)
[ 1287821ms] Uncaught TypeError: Cannot read properties of null (reading 'querySelector')
    at smlsManageMenuOption (https://static.smiler.com.br/hf/header.js?v=0.95.1743:1333:36)
    at initCommonsElements (https://static.smiler.com.br/hf/header.js?v=0.95.1743:1948:11)
    at init (https://static.smiler.com.br/hf/header.js?v=0.95.1743:2786:11)
    at <anonymous> (https://static.smiler.com.br/hf/header.js?v=0.95.1743:1903:46)
[ 1289822ms] Uncaught TypeError: Cannot read properties of null (reading 'querySelector')
    at smlsManageMenuOption (https://static.smiler.com.br/hf/header.js?v=0.95.1743:1333:36)
    at initCommonsElements (https://static.smiler.com.br/hf/header.js?v=0.95.1743:1948:11)
    at init (https://static.smiler.com.br/hf/header.js?v=0.95.1743:2786:11)
    at <anonymous> (https://static.smiler.com.br/hf/header.js?v=0.95.1743:1903:46)
[ 1291824ms] Uncaught TypeError: Cannot read properties of null (reading 'querySelector')
    at smlsManageMenuOption (https://static.smiler.com.br/hf/header.js?v=0.95.1743:1333:36)
    at initCommonsElements (https://static.smiler.com.br/hf/header.js?v=0.95.1743:1948:11)
    at init (https://static.smiler.com.br/hf/header.js?v=0.95.1743:2786:11)
    at <anonymous> (https://static.smiler.com.br/hf/header.js?v=0.95.1743:1903:46)
[ 1293831ms] Uncaught TypeError: Cannot read properties of null (reading 'querySelector')
    at smlsManageMenuOption (https://static.smiler.com.br/hf/header.js?v=0.95.1743:1333:36)
    at initCommonsElements (https://static.smiler.com.br/hf/header.js?v=0.95.1743:1948:11)
    at init (https://static.smiler.com.br/hf/header.js?v=0.95.1743:2786:11)
    at <anonymous> (https://static.smiler.com.br/hf/header.js?v=0.95.1743:1903:46)
[ 1295829ms] Uncaught TypeError: Cannot read properties of null (reading 'querySelector')
    at smlsManageMenuOption (https://static.smiler.com.br/hf/header.js?v=0.95.1743:1333:36)
    at initCommonsElements (https://static.smiler.com.br/hf/header.js?v=0.95.1743:1948:11)
    at init (https://static.smiler.com.br/hf/header.js?v=0.95.1743:2786:11)
    at <anonymous> (https://static.smiler.com.br/hf/header.js?v=0.95.1743:1903:46)
[ 1297832ms] Uncaught TypeError: Cannot read properties of null (reading 'querySelector')
    at smlsManageMenuOption (https://static.smiler.com.br/hf/header.js?v=0.95.1743:1333:36)
    at initCommonsElements (https://static.smiler.com.br/hf/header.js?v=0.95.1743:1948:11)
    at init (https://static.smiler.com.br/hf/header.js?v=0.95.1743:2786:11)
    at <anonymous> (https://static.smiler.com.br/hf/header.js?v=0.95.1743:1903:46)
[ 1299835ms] Uncaught TypeError: Cannot read properties of null (reading 'querySelector')
    at smlsManageMenuOption (https://static.smiler.com.br/hf/header.js?v=0.95.1743:1333:36)
    at initCommonsElements (https://static.smiler.com.br/hf/header.js?v=0.95.1743:1948:11)
    at init (https://static.smiler.com.br/hf/header.js?v=0.95.1743:2786:11)
    at <anonymous> (https://static.smiler.com.br/hf/header.js?v=0.95.1743:1903:46)
[ 1301837ms] Uncaught TypeError: Cannot read properties of null (reading 'querySelector')
    at smlsManageMenuOption (https://static.smiler.com.br/hf/header.js?v=0.95.1743:1333:36)
    at initCommonsElements (https://static.smiler.com.br/hf/header.js?v=0.95.1743:1948:11)
    at init (https://static.smiler.com.br/hf/header.js?v=0.95.1743:2786:11)
    at <anonymous> (https://static.smiler.com.br/hf/header.js?v=0.95.1743:1903:46)
[ 1303838ms] Uncaught TypeError: Cannot read properties of null (reading 'querySelector')
    at smlsManageMenuOption (https://static.smiler.com.br/hf/header.js?v=0.95.1743:1333:36)
    at initCommonsElements (https://static.smiler.com.br/hf/header.js?v=0.95.1743:1948:11)
    at init (https://static.smiler.com.br/hf/header.js?v=0.95.1743:2786:11)
    at <anonymous> (https://static.smiler.com.br/hf/header.js?v=0.95.1743:1903:46)
[ 1305842ms] Uncaught TypeError: Cannot read properties of null (reading 'querySelector')
    at smlsManageMenuOption (https://static.smiler.com.br/hf/header.js?v=0.95.1743:1333:36)
    at initCommonsElements (https://static.smiler.com.br/hf/header.js?v=0.95.1743:1948:11)
    at init (https://static.smiler.com.br/hf/header.js?v=0.95.1743:2786:11)
    at <anonymous> (https://static.smiler.com.br/hf/header.js?v=0.95.1743:1903:46)
[ 1307848ms] Uncaught TypeError: Cannot read properties of null (reading 'querySelector')
    at smlsManageMenuOption (https://static.smiler.com.br/hf/header.js?v=0.95.1743:1333:36)
    at initCommonsElements (https://static.smiler.com.br/hf/header.js?v=0.95.1743:1948:11)
    at init (https://static.smiler.com.br/hf/header.js?v=0.95.1743:2786:11)
    at <anonymous> (https://static.smiler.com.br/hf/header.js?v=0.95.1743:1903:46)
[ 1309846ms] Uncaught TypeError: Cannot read properties of null (reading 'querySelector')
    at smlsManageMenuOption (https://static.smiler.com.br/hf/header.js?v=0.95.1743:1333:36)
    at initCommonsElements (https://static.smiler.com.br/hf/header.js?v=0.95.1743:1948:11)
    at init (https://static.smiler.com.br/hf/header.js?v=0.95.1743:2786:11)
    at <anonymous> (https://static.smiler.com.br/hf/header.js?v=0.95.1743:1903:46)
[ 1311849ms] Uncaught TypeError: Cannot read properties of null (reading 'querySelector')
    at smlsManageMenuOption (https://static.smiler.com.br/hf/header.js?v=0.95.1743:1333:36)
    at initCommonsElements (https://static.smiler.com.br/hf/header.js?v=0.95.1743:1948:11)
    at init (https://static.smiler.com.br/hf/header.js?v=0.95.1743:2786:11)
    at <anonymous> (https://static.smiler.com.br/hf/header.js?v=0.95.1743:1903:46)
[ 1313850ms] Uncaught TypeError: Cannot read properties of null (reading 'querySelector')
    at smlsManageMenuOption (https://static.smiler.com.br/hf/header.js?v=0.95.1743:1333:36)
    at initCommonsElements (https://static.smiler.com.br/hf/header.js?v=0.95.1743:1948:11)
    at init (https://static.smiler.com.br/hf/header.js?v=0.95.1743:2786:11)
    at <anonymous> (https://static.smiler.com.br/hf/header.js?v=0.95.1743:1903:46)
